step,k,m,w1,w2
1,0.1,0.1,-3,-1
2,0.1,0.2,-1.5,-0.5
3,0.1,0.3,-1,-0.333333
4,0.1,0.4,-0.75,-0.25
5,0.1,0.5,-0.6,-0.2
6,0.1,0.6,-0.5,-0.166667
7,0.1,0.7,-0.428571,-0.142857
8,0.1,0.8,-0.375,-0.125
9,0.1,0.9,-0.333333,-0.111111
10,0.1,1,-0.3,-0.1
11,0.1,1.1,-0.272727,-0.0909091
12,0.1,1.2,-0.25,-0.0833334
13,0.1,1.3,-0.230769,-0.0769231
14,0.1,1.4,-0.214286,-0.0714286
15,0.1,1.5,-0.2,-0.0666667
16,0.1,1.6,-0.1875,-0.0625
17,0.1,1.7,-0.176471,-0.0588236
18,0.1,1.8,-0.166667,-0.0555556
19,0.1,1.9,-0.157895,-0.0526316
20,0.1,2,-0.15,-0.05
21,0.1,2.1,-0.142857,-0.0476191
22,0.1,2.2,-0.136364,-0.0454546
23,0.1,2.3,-0.130435,-0.0434783
24,0.1,2.4,-0.125,-0.0416667
25,0.1,2.5,-0.12,-0.04
26,0.1,2.6,-0.115385,-0.0384616
27,0.1,2.7,-0.111111,-0.0370371
28,0.1,2.8,-0.107143,-0.0357143
29,0.1,2.9,-0.103448,-0.0344828
30,0.1,3,-0.1,-0.0333333
31,0.1,3.1,-0.0967742,-0.0322581
32,0.1,3.2,-0.09375,-0.03125
33,0.1,3.3,-0.0909091,-0.030303
34,0.1,3.4,-0.0882353,-0.0294118
35,0.1,3.5,-0.0857143,-0.0285714
36,0.1,3.6,-0.0833333,-0.0277778
37,0.1,3.7,-0.0810811,-0.027027
38,0.1,3.8,-0.0789474,-0.0263158
39,0.1,3.9,-0.0769231,-0.025641
40,0.1,4,-0.075,-0.025
41,0.1,4.1,-0.0731707,-0.0243903
42,0.1,4.2,-0.0714286,-0.0238095
43,0.1,4.3,-0.0697674,-0.0232559
44,0.1,4.4,-0.0681817,-0.0227274
45,0.1,4.5,-0.0666666,-0.0222223
46,0.1,4.6,-0.0652173,-0.0217392
47,0.1,4.7,-0.0638297,-0.0212767
48,0.1,4.8,-0.0624999,-0.0208334
49,0.1,4.9,-0.0612244,-0.0204082
50,0.1,5,-0.0599999,-0.0200001
51,0.1,5.1,-0.0588235,-0.0196079
52,0.1,5.2,-0.0576922,-0.0192308
53,0.1,5.3,-0.0566037,-0.018868
54,0.1,5.4,-0.0555555,-0.0185186
55,0.1,5.5,-0.0545454,-0.0181819
56,0.1,5.6,-0.0535714,-0.0178572
57,0.1,5.7,-0.0526315,-0.0175439
58,0.1,5.8,-0.0517241,-0.0172414
59,0.1,5.9,-0.0508474,-0.0169492
60,0.1,6,-0.0499999,-0.0166667
61,0.1,6.1,-0.0491803,-0.0163935
62,0.1,6.2,-0.048387,-0.0161291
63,0.1,6.3,-0.047619,-0.0158731
64,0.1,6.4,-0.0468749,-0.0156251
65,0.1,6.5,-0.0461538,-0.0153847
66,0.1,6.6,-0.0454545,-0.0151516
67,0.1,6.7,-0.0447761,-0.0149254
68,0.1,6.8,-0.0441176,-0.0147059
69,0.1,6.9,-0.0434782,-0.0144928
70,0.1,7,-0.0428571,-0.0142858
71,0.1,7.1,-0.0422535,-0.0140846
72,0.1,7.2,-0.0416666,-0.0138889
73,0.1,7.3,-0.0410958,-0.0136987
74,0.1,7.4,-0.0405405,-0.0135136
75,0.1,7.5,-0.0399999,-0.0133334
76,0.1,7.6,-0.0394736,-0.0131579
77,0.1,7.7,-0.038961,-0.0129871
78,0.1,7.8,-0.0384615,-0.0128206
79,0.1,7.9,-0.0379746,-0.0126583
80,0.1,8,-0.0375,-0.0125
81,0.1,8.1,-0.037037,-0.0123457
82,0.1,8.2,-0.0365853,-0.0121952
83,0.1,8.3,-0.0361445,-0.0120482
84,0.1,8.4,-0.0357142,-0.0119048
85,0.1,8.5,-0.0352941,-0.0117648
86,0.1,8.6,-0.0348837,-0.011628
87,0.1,8.7,-0.0344827,-0.0114943
88,0.1,8.8,-0.0340909,-0.0113637
89,0.1,8.9,-0.0337078,-0.011236
90,0.1,9,-0.0333333,-0.0111112
91,0.1,9.1,-0.032967,-0.0109891
92,0.1,9.2,-0.0326087,-0.0108696
93,0.1,9.3,-0.032258,-0.0107527
94,0.1,9.4,-0.0319149,-0.0106383
95,0.1,9.5,-0.0315789,-0.0105264
96,0.1,9.6,-0.03125,-0.0104167
97,0.1,9.7,-0.0309278,-0.0103093
98,0.1,9.8,-0.0306122,-0.0102041
99,0.1,9.9,-0.030303,-0.010101
100,0.1,10,-0.03,-0.01
101,0.2,0.1,-6,-2
102,0.2,0.2,-3,-1
103,0.2,0.3,-2,-0.666667
104,0.2,0.4,-1.5,-0.5
105,0.2,0.5,-1.2,-0.4
106,0.2,0.6,-1,-0.333333
107,0.2,0.7,-0.857143,-0.285714
108,0.2,0.8,-0.75,-0.25
109,0.2,0.9,-0.666667,-0.222222
110,0.2,1,-0.6,-0.2
111,0.2,1.1,-0.545454,-0.181818
112,0.2,1.2,-0.5,-0.166667
113,0.2,1.3,-0.461538,-0.153846
114,0.2,1.4,-0.428571,-0.142857
115,0.2,1.5,-0.4,-0.133333
116,0.2,1.6,-0.375,-0.125
117,0.2,1.7,-0.352941,-0.117647
118,0.2,1.8,-0.333333,-0.111111
119,0.2,1.9,-0.315789,-0.105263
120,0.2,2,-0.3,-0.1
121,0.2,2.1,-0.285714,-0.0952381
122,0.2,2.2,-0.272727,-0.0909091
123,0.2,2.3,-0.26087,-0.0869566
124,0.2,2.4,-0.25,-0.0833334
125,0.2,2.5,-0.24,-0.08
126,0.2,2.6,-0.230769,-0.0769231
127,0.2,2.7,-0.222222,-0.0740741
128,0.2,2.8,-0.214286,-0.0714286
129,0.2,2.9,-0.206897,-0.0689655
130,0.2,3,-0.2,-0.0666667
131,0.2,3.1,-0.193548,-0.0645162
132,0.2,3.2,-0.1875,-0.0625
133,0.2,3.3,-0.181818,-0.0606061
134,0.2,3.4,-0.176471,-0.0588236
135,0.2,3.5,-0.171429,-0.0571429
136,0.2,3.6,-0.166667,-0.0555556
137,0.2,3.7,-0.162162,-0.0540541
138,0.2,3.8,-0.157895,-0.0526316
139,0.2,3.9,-0.153846,-0.0512821
140,0.2,4,-0.15,-0.05
141,0.2,4.1,-0.146341,-0.0487805
142,0.2,4.2,-0.142857,-0.0476191
143,0.2,4.3,-0.139535,-0.0465116
144,0.2,4.4,-0.136364,-0.0454546
145,0.2,4.5,-0.133333,-0.0444445
146,0.2,4.6,-0.130435,-0.0434783
147,0.2,4.7,-0.12766,-0.0425532
148,0.2,4.8,-0.125,-0.0416667
149,0.2,4.9,-0.122449,-0.0408163
150,0.2,5,-0.12,-0.04
151,0.2,5.1,-0.117647,-0.0392157
152,0.2,5.2,-0.115385,-0.0384616
153,0.2,5.3,-0.113208,-0.0377359
154,0.2,5.4,-0.111111,-0.0370371
155,0.2,5.5,-0.109091,-0.0363637
156,0.2,5.6,-0.107143,-0.0357143
157,0.2,5.7,-0.105263,-0.0350877
158,0.2,5.8,-0.103448,-0.0344828
159,0.2,5.9,-0.101695,-0.0338983
160,0.2,6,-0.1,-0.0333333
161,0.2,6.1,-0.0983606,-0.0327869
162,0.2,6.2,-0.0967742,-0.0322581
163,0.2,6.3,-0.0952381,-0.031746
164,0.2,6.4,-0.09375,-0.03125
165,0.2,6.5,-0.0923077,-0.0307692
166,0.2,6.6,-0.0909091,-0.030303
167,0.2,6.7,-0.0895522,-0.0298508
168,0.2,6.8,-0.0882353,-0.0294118
169,0.2,6.9,-0.0869565,-0.0289855
170,0.2,7,-0.0857143,-0.0285714
171,0.2,7.1,-0.084507,-0.028169
172,0.2,7.2,-0.0833333,-0.0277778
173,0.2,7.3,-0.0821918,-0.0273973
174,0.2,7.4,-0.0810811,-0.027027
175,0.2,7.5,-0.08,-0.0266667
176,0.2,7.6,-0.0789474,-0.0263158
177,0.2,7.7,-0.0779221,-0.025974
178,0.2,7.8,-0.0769231,-0.025641
179,0.2,7.9,-0.0759494,-0.0253165
180,0.2,8,-0.075,-0.025
181,0.2,8.1,-0.0740741,-0.0246914
182,0.2,8.2,-0.0731707,-0.0243903
183,0.2,8.3,-0.0722891,-0.0240964
184,0.2,8.4,-0.0714286,-0.0238095
185,0.2,8.5,-0.0705882,-0.0235294
186,0.2,8.6,-0.0697674,-0.0232559
187,0.2,8.7,-0.0689654,-0.0229886
188,0.2,8.8,-0.0681817,-0.0227274
189,0.2,8.9,-0.0674156,-0.022472
190,0.2,9,-0.0666666,-0.0222223
191,0.2,9.1,-0.065934,-0.0219781
192,0.2,9.2,-0.0652173,-0.0217392
193,0.2,9.3,-0.064516,-0.0215055
194,0.2,9.4,-0.0638297,-0.0212767
195,0.2,9.5,-0.0631578,-0.0210527
196,0.2,9.6,-0.0624999,-0.0208334
197,0.2,9.7,-0.0618556,-0.0206186
198,0.2,9.8,-0.0612244,-0.0204082
199,0.2,9.9,-0.060606,-0.0202021
200,0.2,10,-0.0599999,-0.0200001
201,0.3,0.1,-9,-3
202,0.3,0.2,-4.5,-1.5
203,0.3,0.3,-3,-1
204,0.3,0.4,-2.25,-0.75
205,0.3,0.5,-1.8,-0.6
206,0.3,0.6,-1.5,-0.5
207,0.3,0.7,-1.28571,-0.428571
208,0.3,0.8,-1.125,-0.375
209,0.3,0.9,-1,-0.333333
210,0.3,1,-0.9,-0.3
211,0.3,1.1,-0.818182,-0.272727
212,0.3,1.2,-0.75,-0.25
213,0.3,1.3,-0.692308,-0.230769
214,0.3,1.4,-0.642857,-0.214286
215,0.3,1.5,-0.6,-0.2
216,0.3,1.6,-0.5625,-0.1875
217,0.3,1.7,-0.529412,-0.176471
218,0.3,1.8,-0.5,-0.166667
219,0.3,1.9,-0.473684,-0.157895
220,0.3,2,-0.45,-0.15
221,0.3,2.1,-0.428571,-0.142857
222,0.3,2.2,-0.409091,-0.136364
223,0.3,2.3,-0.391304,-0.130435
224,0.3,2.4,-0.375,-0.125
225,0.3,2.5,-0.36,-0.12
226,0.3,2.6,-0.346154,-0.115385
227,0.3,2.7,-0.333333,-0.111111
228,0.3,2.8,-0.321429,-0.107143
229,0.3,2.9,-0.310345,-0.103448
230,0.3,3,-0.3,-0.1
231,0.3,3.1,-0.290323,-0.0967742
232,0.3,3.2,-0.28125,-0.09375
233,0.3,3.3,-0.272727,-0.0909091
234,0.3,3.4,-0.264706,-0.0882353
235,0.3,3.5,-0.257143,-0.0857143
236,0.3,3.6,-0.25,-0.0833334
237,0.3,3.7,-0.243243,-0.0810811
238,0.3,3.8,-0.236842,-0.0789474
239,0.3,3.9,-0.230769,-0.0769231
240,0.3,4,-0.225,-0.075
241,0.3,4.1,-0.219512,-0.0731708
242,0.3,4.2,-0.214286,-0.0714286
243,0.3,4.3,-0.209302,-0.0697675
244,0.3,4.4,-0.204545,-0.0681818
245,0.3,4.5,-0.2,-0.0666667
246,0.3,4.6,-0.195652,-0.0652174
247,0.3,4.7,-0.191489,-0.0638298
248,0.3,4.8,-0.1875,-0.0625
249,0.3,4.9,-0.183673,-0.0612245
250,0.3,5,-0.18,-0.06
251,0.3,5.1,-0.176471,-0.0588236
252,0.3,5.2,-0.173077,-0.0576923
253,0.3,5.3,-0.169811,-0.0566038
254,0.3,5.4,-0.166667,-0.0555556
255,0.3,5.5,-0.163636,-0.0545455
256,0.3,5.6,-0.160714,-0.0535715
257,0.3,5.7,-0.157895,-0.0526316
258,0.3,5.8,-0.155172,-0.0517242
259,0.3,5.9,-0.152542,-0.0508475
260,0.3,6,-0.15,-0.05
261,0.3,6.1,-0.147541,-0.0491803
262,0.3,6.2,-0.145161,-0.0483871
263,0.3,6.3,-0.142857,-0.0476191
264,0.3,6.4,-0.140625,-0.046875
265,0.3,6.5,-0.138462,-0.0461539
266,0.3,6.6,-0.136364,-0.0454546
267,0.3,6.7,-0.134328,-0.0447761
268,0.3,6.8,-0.132353,-0.0441177
269,0.3,6.9,-0.130435,-0.0434783
270,0.3,7,-0.128571,-0.0428572
271,0.3,7.1,-0.126761,-0.0422535
272,0.3,7.2,-0.125,-0.0416667
273,0.3,7.3,-0.123288,-0.0410959
274,0.3,7.4,-0.121622,-0.0405406
275,0.3,7.5,-0.12,-0.04
276,0.3,7.6,-0.118421,-0.0394737
277,0.3,7.7,-0.116883,-0.0389611
278,0.3,7.8,-0.115385,-0.0384616
279,0.3,7.9,-0.113924,-0.0379747
280,0.3,8,-0.1125,-0.0375
281,0.3,8.1,-0.111111,-0.0370371
282,0.3,8.2,-0.109756,-0.0365854
283,0.3,8.3,-0.108434,-0.0361446
284,0.3,8.4,-0.107143,-0.0357143
285,0.3,8.5,-0.105882,-0.0352941
286,0.3,8.6,-0.104651,-0.0348837
287,0.3,8.7,-0.103448,-0.0344828
288,0.3,8.8,-0.102273,-0.0340909
289,0.3,8.9,-0.101124,-0.0337079
290,0.3,9,-0.1,-0.0333333
291,0.3,9.1,-0.0989011,-0.032967
292,0.3,9.2,-0.0978261,-0.0326087
293,0.3,9.3,-0.0967742,-0.0322581
294,0.3,9.4,-0.0957447,-0.0319149
295,0.3,9.5,-0.0947368,-0.031579
296,0.3,9.6,-0.09375,-0.03125
297,0.3,9.7,-0.0927835,-0.0309278
298,0.3,9.8,-0.0918367,-0.0306123
299,0.3,9.9,-0.0909091,-0.030303
300,0.3,10,-0.09,-0.03
301,0.4,0.1,-12,-4
302,0.4,0.2,-6,-2
303,0.4,0.3,-4,-1.33333
304,0.4,0.4,-3,-1
305,0.4,0.5,-2.4,-0.8
306,0.4,0.6,-2,-0.666667
307,0.4,0.7,-1.71429,-0.571429
308,0.4,0.8,-1.5,-0.5
309,0.4,0.9,-1.33333,-0.444444
310,0.4,1,-1.2,-0.4
311,0.4,1.1,-1.09091,-0.363636
312,0.4,1.2,-1,-0.333333
313,0.4,1.3,-0.923077,-0.307692
314,0.4,1.4,-0.857143,-0.285714
315,0.4,1.5,-0.8,-0.266667
316,0.4,1.6,-0.75,-0.25
317,0.4,1.7,-0.705882,-0.235294
318,0.4,1.8,-0.666667,-0.222222
319,0.4,1.9,-0.631579,-0.210526
320,0.4,2,-0.6,-0.2
321,0.4,2.1,-0.571428,-0.190476
322,0.4,2.2,-0.545454,-0.181818
323,0.4,2.3,-0.521739,-0.173913
324,0.4,2.4,-0.5,-0.166667
325,0.4,2.5,-0.48,-0.16
326,0.4,2.6,-0.461538,-0.153846
327,0.4,2.7,-0.444444,-0.148148
328,0.4,2.8,-0.428571,-0.142857
329,0.4,2.9,-0.413793,-0.137931
330,0.4,3,-0.4,-0.133333
331,0.4,3.1,-0.387097,-0.129032
332,0.4,3.2,-0.375,-0.125
333,0.4,3.3,-0.363636,-0.121212
334,0.4,3.4,-0.352941,-0.117647
335,0.4,3.5,-0.342857,-0.114286
336,0.4,3.6,-0.333333,-0.111111
337,0.4,3.7,-0.324324,-0.108108
338,0.4,3.8,-0.315789,-0.105263
339,0.4,3.9,-0.307692,-0.102564
340,0.4,4,-0.3,-0.1
341,0.4,4.1,-0.292683,-0.097561
342,0.4,4.2,-0.285714,-0.0952381
343,0.4,4.3,-0.27907,-0.0930233
344,0.4,4.4,-0.272727,-0.0909091
345,0.4,4.5,-0.266667,-0.0888889
346,0.4,4.6,-0.26087,-0.0869566
347,0.4,4.7,-0.255319,-0.0851064
348,0.4,4.8,-0.25,-0.0833334
349,0.4,4.9,-0.244898,-0.0816327
350,0.4,5,-0.24,-0.08
351,0.4,5.1,-0.235294,-0.0784314
352,0.4,5.2,-0.230769,-0.0769231
353,0.4,5.3,-0.226415,-0.0754717
354,0.4,5.4,-0.222222,-0.0740741
355,0.4,5.5,-0.218182,-0.0727273
356,0.4,5.6,-0.214286,-0.0714286
357,0.4,5.7,-0.210526,-0.0701755
358,0.4,5.8,-0.206897,-0.0689655
359,0.4,5.9,-0.20339,-0.0677966
360,0.4,6,-0.2,-0.0666667
361,0.4,6.1,-0.196721,-0.0655738
362,0.4,6.2,-0.193548,-0.0645162
363,0.4,6.3,-0.190476,-0.0634921
364,0.4,6.4,-0.1875,-0.0625
365,0.4,6.5,-0.184615,-0.0615385
366,0.4,6.6,-0.181818,-0.0606061
367,0.4,6.7,-0.179104,-0.0597015
368,0.4,6.8,-0.176471,-0.0588236
369,0.4,6.9,-0.173913,-0.057971
370,0.4,7,-0.171429,-0.0571429
371,0.4,7.1,-0.169014,-0.0563381
372,0.4,7.2,-0.166667,-0.0555556
373,0.4,7.3,-0.164384,-0.0547945
374,0.4,7.4,-0.162162,-0.0540541
375,0.4,7.5,-0.16,-0.0533334
376,0.4,7.6,-0.157895,-0.0526316
377,0.4,7.7,-0.155844,-0.0519481
378,0.4,7.8,-0.153846,-0.0512821
379,0.4,7.9,-0.151899,-0.0506329
380,0.4,8,-0.15,-0.05
381,0.4,8.1,-0.148148,-0.0493827
382,0.4,8.2,-0.146341,-0.0487805
383,0.4,8.3,-0.144578,-0.0481928
384,0.4,8.4,-0.142857,-0.0476191
385,0.4,8.5,-0.141176,-0.0470588
386,0.4,8.6,-0.139535,-0.0465116
387,0.4,8.7,-0.137931,-0.045977
388,0.4,8.8,-0.136364,-0.0454546
389,0.4,8.9,-0.134831,-0.0449438
390,0.4,9,-0.133333,-0.0444445
391,0.4,9.1,-0.131868,-0.0439561
392,0.4,9.2,-0.130435,-0.0434783
393,0.4,9.3,-0.129032,-0.0430108
394,0.4,9.4,-0.12766,-0.0425532
395,0.4,9.5,-0.126316,-0.0421053
396,0.4,9.6,-0.125,-0.0416667
397,0.4,9.7,-0.123711,-0.0412371
398,0.4,9.8,-0.122449,-0.0408163
399,0.4,9.9,-0.121212,-0.0404041
400,0.4,10,-0.12,-0.04
401,0.5,0.1,-15,-5
402,0.5,0.2,-7.5,-2.5
403,0.5,0.3,-5,-1.66667
404,0.5,0.4,-3.75,-1.25
405,0.5,0.5,-3,-1
406,0.5,0.6,-2.5,-0.833333
407,0.5,0.7,-2.14286,-0.714286
408,0.5,0.8,-1.875,-0.625
409,0.5,0.9,-1.66667,-0.555556
410,0.5,1,-1.5,-0.5
411,0.5,1.1,-1.36364,-0.454545
412,0.5,1.2,-1.25,-0.416667
413,0.5,1.3,-1.15385,-0.384615
414,0.5,1.4,-1.07143,-0.357143
415,0.5,1.5,-1,-0.333333
416,0.5,1.6,-0.9375,-0.3125
417,0.5,1.7,-0.882353,-0.294118
418,0.5,1.8,-0.833333,-0.277778
419,0.5,1.9,-0.789474,-0.263158
420,0.5,2,-0.75,-0.25
421,0.5,2.1,-0.714286,-0.238095
422,0.5,2.2,-0.681818,-0.227273
423,0.5,2.3,-0.652174,-0.217391
424,0.5,2.4,-0.625,-0.208333
425,0.5,2.5,-0.6,-0.2
426,0.5,2.6,-0.576923,-0.192308
427,0.5,2.7,-0.555555,-0.185185
428,0.5,2.8,-0.535714,-0.178572
429,0.5,2.9,-0.517241,-0.172414
430,0.5,3,-0.5,-0.166667
431,0.5,3.1,-0.483871,-0.16129
432,0.5,3.2,-0.46875,-0.15625
433,0.5,3.3,-0.454545,-0.151515
434,0.5,3.4,-0.441176,-0.147059
435,0.5,3.5,-0.428571,-0.142857
436,0.5,3.6,-0.416667,-0.138889
437,0.5,3.7,-0.405405,-0.135135
438,0.5,3.8,-0.394737,-0.131579
439,0.5,3.9,-0.384615,-0.128205
440,0.5,4,-0.375,-0.125
441,0.5,4.1,-0.365854,-0.121951
442,0.5,4.2,-0.357143,-0.119048
443,0.5,4.3,-0.348837,-0.116279
444,0.5,4.4,-0.340909,-0.113636
445,0.5,4.5,-0.333333,-0.111111
446,0.5,4.6,-0.326087,-0.108696
447,0.5,4.7,-0.319149,-0.106383
448,0.5,4.8,-0.3125,-0.104167
449,0.5,4.9,-0.306122,-0.102041
450,0.5,5,-0.3,-0.1
451,0.5,5.1,-0.294118,-0.0980393
452,0.5,5.2,-0.288461,-0.0961539
453,0.5,5.3,-0.283019,-0.0943397
454,0.5,5.4,-0.277778,-0.0925926
455,0.5,5.5,-0.272727,-0.0909091
456,0.5,5.6,-0.267857,-0.0892858
457,0.5,5.7,-0.263158,-0.0877193
458,0.5,5.8,-0.258621,-0.0862069
459,0.5,5.9,-0.254237,-0.0847458
460,0.5,6,-0.25,-0.0833334
461,0.5,6.1,-0.245902,-0.0819672
462,0.5,6.2,-0.241935,-0.0806452
463,0.5,6.3,-0.238095,-0.0793651
464,0.5,6.4,-0.234375,-0.078125
465,0.5,6.5,-0.230769,-0.0769231
466,0.5,6.6,-0.227273,-0.0757576
467,0.5,6.7,-0.223881,-0.0746269
468,0.5,6.8,-0.220588,-0.0735294
469,0.5,6.9,-0.217391,-0.0724638
470,0.5,7,-0.214286,-0.0714286
471,0.5,7.1,-0.211268,-0.0704226
472,0.5,7.2,-0.208333,-0.0694445
473,0.5,7.3,-0.205479,-0.0684932
474,0.5,7.4,-0.202703,-0.0675676
475,0.5,7.5,-0.2,-0.0666667
476,0.5,7.6,-0.197368,-0.0657895
477,0.5,7.7,-0.194805,-0.0649351
478,0.5,7.8,-0.192308,-0.0641026
479,0.5,7.9,-0.189873,-0.0632912
480,0.5,8,-0.1875,-0.0625
481,0.5,8.1,-0.185185,-0.0617284
482,0.5,8.2,-0.182927,-0.0609756
483,0.5,8.3,-0.180723,-0.060241
484,0.5,8.4,-0.178571,-0.0595238
485,0.5,8.5,-0.176471,-0.0588236
486,0.5,8.6,-0.174419,-0.0581396
487,0.5,8.7,-0.172414,-0.0574713
488,0.5,8.8,-0.170455,-0.0568182
489,0.5,8.9,-0.168539,-0.0561798
490,0.5,9,-0.166667,-0.0555556
491,0.5,9.1,-0.164835,-0.0549451
492,0.5,9.2,-0.163043,-0.0543478
493,0.5,9.3,-0.16129,-0.0537635
494,0.5,9.4,-0.159574,-0.0531915
495,0.5,9.5,-0.157895,-0.0526316
496,0.5,9.6,-0.15625,-0.0520834
497,0.5,9.7,-0.154639,-0.0515464
498,0.5,9.8,-0.153061,-0.0510204
499,0.5,9.9,-0.151515,-0.0505051
500,0.5,10,-0.15,-0.05
501,0.6,0.1,-18,-6
502,0.6,0.2,-9,-3
503,0.6,0.3,-6,-2
504,0.6,0.4,-4.5,-1.5
505,0.6,0.5,-3.6,-1.2
506,0.6,0.6,-3,-1
507,0.6,0.7,-2.57143,-0.857143
508,0.6,0.8,-2.25,-0.75
509,0.6,0.9,-2,-0.666667
510,0.6,1,-1.8,-0.6
511,0.6,1.1,-1.63636,-0.545455
512,0.6,1.2,-1.5,-0.5
513,0.6,1.3,-1.38462,-0.461538
514,0.6,1.4,-1.28571,-0.428571
515,0.6,1.5,-1.2,-0.4
516,0.6,1.6,-1.125,-0.375
517,0.6,1.7,-1.05882,-0.352941
518,0.6,1.8,-1,-0.333333
519,0.6,1.9,-0.947368,-0.315789
520,0.6,2,-0.9,-0.3
521,0.6,2.1,-0.857143,-0.285714
522,0.6,2.2,-0.818182,-0.272727
523,0.6,2.3,-0.782609,-0.26087
524,0.6,2.4,-0.75,-0.25
525,0.6,2.5,-0.72,-0.24
526,0.6,2.6,-0.692308,-0.230769
527,0.6,2.7,-0.666667,-0.222222
528,0.6,2.8,-0.642857,-0.214286
529,0.6,2.9,-0.62069,-0.206897
530,0.6,3,-0.6,-0.2
531,0.6,3.1,-0.580645,-0.193548
532,0.6,3.2,-0.5625,-0.1875
533,0.6,3.3,-0.545454,-0.181818
534,0.6,3.4,-0.529412,-0.176471
535,0.6,3.5,-0.514286,-0.171429
536,0.6,3.6,-0.5,-0.166667
537,0.6,3.7,-0.486486,-0.162162
538,0.6,3.8,-0.473684,-0.157895
539,0.6,3.9,-0.461538,-0.153846
540,0.6,4,-0.45,-0.15
541,0.6,4.1,-0.439024,-0.146342
542,0.6,4.2,-0.428571,-0.142857
543,0.6,4.3,-0.418605,-0.139535
544,0.6,4.4,-0.409091,-0.136364
545,0.6,4.5,-0.4,-0.133333
546,0.6,4.6,-0.391304,-0.130435
547,0.6,4.7,-0.382979,-0.12766
548,0.6,4.8,-0.375,-0.125
549,0.6,4.9,-0.367347,-0.122449
550,0.6,5,-0.36,-0.12
551,0.6,5.1,-0.352941,-0.117647
552,0.6,5.2,-0.346154,-0.115385
553,0.6,5.3,-0.339623,-0.113208
554,0.6,5.4,-0.333333,-0.111111
555,0.6,5.5,-0.327273,-0.109091
556,0.6,5.6,-0.321429,-0.107143
557,0.6,5.7,-0.315789,-0.105263
558,0.6,5.8,-0.310345,-0.103448
559,0.6,5.9,-0.305085,-0.101695
560,0.6,6,-0.3,-0.1
561,0.6,6.1,-0.295082,-0.0983607
562,0.6,6.2,-0.290323,-0.0967742
563,0.6,6.3,-0.285714,-0.0952381
564,0.6,6.4,-0.28125,-0.09375
565,0.6,6.5,-0.276923,-0.0923077
566,0.6,6.6,-0.272727,-0.0909091
567,0.6,6.7,-0.268657,-0.0895523
568,0.6,6.8,-0.264706,-0.0882353
569,0.6,6.9,-0.26087,-0.0869566
570,0.6,7,-0.257143,-0.0857143
571,0.6,7.1,-0.253521,-0.0845071
572,0.6,7.2,-0.25,-0.0833334
573,0.6,7.3,-0.246575,-0.0821918
574,0.6,7.4,-0.243243,-0.0810811
575,0.6,7.5,-0.24,-0.08
576,0.6,7.6,-0.236842,-0.0789474
577,0.6,7.7,-0.233766,-0.0779221
578,0.6,7.8,-0.230769,-0.0769231
579,0.6,7.9,-0.227848,-0.0759494
580,0.6,8,-0.225,-0.075
581,0.6,8.1,-0.222222,-0.0740741
582,0.6,8.2,-0.219512,-0.0731708
583,0.6,8.3,-0.216867,-0.0722892
584,0.6,8.4,-0.214286,-0.0714286
585,0.6,8.5,-0.211765,-0.0705883
586,0.6,8.6,-0.209302,-0.0697675
587,0.6,8.7,-0.206897,-0.0689655
588,0.6,8.8,-0.204545,-0.0681818
589,0.6,8.9,-0.202247,-0.0674158
590,0.6,9,-0.2,-0.0666667
591,0.6,9.1,-0.197802,-0.0659341
592,0.6,9.2,-0.195652,-0.0652174
593,0.6,9.3,-0.193548,-0.0645162
594,0.6,9.4,-0.191489,-0.0638298
595,0.6,9.5,-0.189474,-0.0631579
596,0.6,9.6,-0.1875,-0.0625
597,0.6,9.7,-0.185567,-0.0618557
598,0.6,9.8,-0.183673,-0.0612245
599,0.6,9.9,-0.181818,-0.0606061
600,0.6,10,-0.18,-0.06
601,0.7,0.1,-21,-7
602,0.7,0.2,-10.5,-3.5
603,0.7,0.3,-7,-2.33333
604,0.7,0.4,-5.25,-1.75
605,0.7,0.5,-4.2,-1.4
606,0.7,0.6,-3.5,-1.16667
607,0.7,0.7,-3,-1
608,0.7,0.8,-2.625,-0.875
609,0.7,0.9,-2.33333,-0.777778
610,0.7,1,-2.1,-0.7
611,0.7,1.1,-1.90909,-0.636364
612,0.7,1.2,-1.75,-0.583333
613,0.7,1.3,-1.61538,-0.538462
614,0.7,1.4,-1.5,-0.5
615,0.7,1.5,-1.4,-0.466667
616,0.7,1.6,-1.3125,-0.4375
617,0.7,1.7,-1.23529,-0.411765
618,0.7,1.8,-1.16667,-0.388889
619,0.7,1.9,-1.10526,-0.368421
620,0.7,2,-1.05,-0.35
621,0.7,2.1,-1,-0.333333
622,0.7,2.2,-0.954545,-0.318182
623,0.7,2.3,-0.913043,-0.304348
624,0.7,2.4,-0.875,-0.291667
625,0.7,2.5,-0.84,-0.28
626,0.7,2.6,-0.807692,-0.269231
627,0.7,2.7,-0.777778,-0.259259
628,0.7,2.8,-0.75,-0.25
629,0.7,2.9,-0.724138,-0.241379
630,0.7,3,-0.7,-0.233333
631,0.7,3.1,-0.677419,-0.225806
632,0.7,3.2,-0.65625,-0.21875
633,0.7,3.3,-0.636364,-0.212121
634,0.7,3.4,-0.617647,-0.205882
635,0.7,3.5,-0.6,-0.2
636,0.7,3.6,-0.583333,-0.194445
637,0.7,3.7,-0.567567,-0.189189
638,0.7,3.8,-0.552632,-0.184211
639,0.7,3.9,-0.538461,-0.179487
640,0.7,4,-0.525,-0.175
641,0.7,4.1,-0.512195,-0.170732
642,0.7,4.2,-0.5,-0.166667
643,0.7,4.3,-0.488372,-0.162791
644,0.7,4.4,-0.477273,-0.159091
645,0.7,4.5,-0.466667,-0.155556
646,0.7,4.6,-0.456522,-0.152174
647,0.7,4.7,-0.446808,-0.148936
648,0.7,4.8,-0.4375,-0.145833
649,0.7,4.9,-0.428571,-0.142857
650,0.7,5,-0.42,-0.14
651,0.7,5.1,-0.411765,-0.137255
652,0.7,5.2,-0.403846,-0.134615
653,0.7,5.3,-0.396226,-0.132076
654,0.7,5.4,-0.388889,-0.12963
655,0.7,5.5,-0.381818,-0.127273
656,0.7,5.6,-0.375,-0.125
657,0.7,5.7,-0.368421,-0.122807
658,0.7,5.8,-0.362069,-0.12069
659,0.7,5.9,-0.355932,-0.118644
660,0.7,6,-0.35,-0.116667
661,0.7,6.1,-0.344262,-0.114754
662,0.7,6.2,-0.33871,-0.112903
663,0.7,6.3,-0.333333,-0.111111
664,0.7,6.4,-0.328125,-0.109375
665,0.7,6.5,-0.323077,-0.107692
666,0.7,6.6,-0.318182,-0.106061
667,0.7,6.7,-0.313433,-0.104478
668,0.7,6.8,-0.308823,-0.102941
669,0.7,6.9,-0.304348,-0.101449
670,0.7,7,-0.3,-0.1
671,0.7,7.1,-0.295775,-0.0985916
672,0.7,7.2,-0.291667,-0.0972223
673,0.7,7.3,-0.287671,-0.0958905
674,0.7,7.4,-0.283784,-0.0945946
675,0.7,7.5,-0.28,-0.0933334
676,0.7,7.6,-0.276316,-0.0921053
677,0.7,7.7,-0.272727,-0.0909091
678,0.7,7.8,-0.269231,-0.0897436
679,0.7,7.9,-0.265823,-0.0886076
680,0.7,8,-0.2625,-0.0875
681,0.7,8.1,-0.259259,-0.0864198
682,0.7,8.2,-0.256098,-0.0853659
683,0.7,8.3,-0.253012,-0.0843374
684,0.7,8.4,-0.25,-0.0833334
685,0.7,8.5,-0.247059,-0.082353
686,0.7,8.6,-0.244186,-0.0813954
687,0.7,8.7,-0.241379,-0.0804598
688,0.7,8.8,-0.238636,-0.0795455
689,0.7,8.9,-0.235955,-0.0786517
690,0.7,9,-0.233333,-0.0777778
691,0.7,9.1,-0.230769,-0.0769231
692,0.7,9.2,-0.228261,-0.076087
693,0.7,9.3,-0.225806,-0.0752688
694,0.7,9.4,-0.223404,-0.0744681
695,0.7,9.5,-0.221053,-0.0736842
696,0.7,9.6,-0.21875,-0.0729167
697,0.7,9.7,-0.216495,-0.072165
698,0.7,9.8,-0.214286,-0.0714286
699,0.7,9.9,-0.212121,-0.0707071
700,0.7,10,-0.21,-0.07
701,0.8,0.1,-24,-8
702,0.8,0.2,-12,-4
703,0.8,0.3,-8,-2.66667
704,0.8,0.4,-6,-2
705,0.8,0.5,-4.8,-1.6
706,0.8,0.6,-4,-1.33333
707,0.8,0.7,-3.42857,-1.14286
708,0.8,0.8,-3,-1
709,0.8,0.9,-2.66667,-0.888889
710,0.8,1,-2.4,-0.8
711,0.8,1.1,-2.18182,-0.727273
712,0.8,1.2,-2,-0.666667
713,0.8,1.3,-1.84615,-0.615385
714,0.8,1.4,-1.71429,-0.571429
715,0.8,1.5,-1.6,-0.533333
716,0.8,1.6,-1.5,-0.5
717,0.8,1.7,-1.41176,-0.470588
718,0.8,1.8,-1.33333,-0.444444
719,0.8,1.9,-1.26316,-0.421053
720,0.8,2,-1.2,-0.4
721,0.8,2.1,-1.14286,-0.380952
722,0.8,2.2,-1.09091,-0.363636
723,0.8,2.3,-1.04348,-0.347826
724,0.8,2.4,-1,-0.333333
725,0.8,2.5,-0.96,-0.32
726,0.8,2.6,-0.923077,-0.307692
727,0.8,2.7,-0.888889,-0.296296
728,0.8,2.8,-0.857143,-0.285714
729,0.8,2.9,-0.827586,-0.275862
730,0.8,3,-0.8,-0.266667
731,0.8,3.1,-0.774194,-0.258065
732,0.8,3.2,-0.75,-0.25
733,0.8,3.3,-0.727273,-0.242424
734,0.8,3.4,-0.705882,-0.235294
735,0.8,3.5,-0.685714,-0.228571
736,0.8,3.6,-0.666667,-0.222222
737,0.8,3.7,-0.648649,-0.216216
738,0.8,3.8,-0.631579,-0.210526
739,0.8,3.9,-0.615385,-0.205128
740,0.8,4,-0.6,-0.2
741,0.8,4.1,-0.585366,-0.195122
742,0.8,4.2,-0.571428,-0.190476
743,0.8,4.3,-0.558139,-0.186047
744,0.8,4.4,-0.545454,-0.181818
745,0.8,4.5,-0.533333,-0.177778
746,0.8,4.6,-0.521739,-0.173913
747,0.8,4.7,-0.510638,-0.170213
748,0.8,4.8,-0.5,-0.166667
749,0.8,4.9,-0.489796,-0.163265
750,0.8,5,-0.48,-0.16
751,0.8,5.1,-0.470588,-0.156863
752,0.8,5.2,-0.461538,-0.153846
753,0.8,5.3,-0.45283,-0.150943
754,0.8,5.4,-0.444444,-0.148148
755,0.8,5.5,-0.436364,-0.145455
756,0.8,5.6,-0.428571,-0.142857
757,0.8,5.7,-0.421053,-0.140351
758,0.8,5.8,-0.413793,-0.137931
759,0.8,5.9,-0.40678,-0.135593
760,0.8,6,-0.4,-0.133333
761,0.8,6.1,-0.393443,-0.131148
762,0.8,6.2,-0.387097,-0.129032
763,0.8,6.3,-0.380952,-0.126984
764,0.8,6.4,-0.375,-0.125
765,0.8,6.5,-0.369231,-0.123077
766,0.8,6.6,-0.363636,-0.121212
767,0.8,6.7,-0.358209,-0.119403
768,0.8,6.8,-0.352941,-0.117647
769,0.8,6.9,-0.347826,-0.115942
770,0.8,7,-0.342857,-0.114286
771,0.8,7.1,-0.338028,-0.112676
772,0.8,7.2,-0.333333,-0.111111
773,0.8,7.3,-0.328767,-0.109589
774,0.8,7.4,-0.324324,-0.108108
775,0.8,7.5,-0.32,-0.106667
776,0.8,7.6,-0.315789,-0.105263
777,0.8,7.7,-0.311688,-0.103896
778,0.8,7.8,-0.307692,-0.102564
779,0.8,7.9,-0.303797,-0.101266
780,0.8,8,-0.3,-0.1
781,0.8,8.1,-0.296296,-0.0987655
782,0.8,8.2,-0.292683,-0.097561
783,0.8,8.3,-0.289157,-0.0963856
784,0.8,8.4,-0.285714,-0.0952381
785,0.8,8.5,-0.282353,-0.0941177
786,0.8,8.6,-0.27907,-0.0930233
787,0.8,8.7,-0.275862,-0.0919541
788,0.8,8.8,-0.272727,-0.0909091
789,0.8,8.9,-0.269663,-0.0898877
790,0.8,9,-0.266667,-0.0888889
791,0.8,9.1,-0.263736,-0.0879121
792,0.8,9.2,-0.26087,-0.0869566
793,0.8,9.3,-0.258064,-0.0860215
794,0.8,9.4,-0.255319,-0.0851064
795,0.8,9.5,-0.252632,-0.0842106
796,0.8,9.6,-0.25,-0.0833334
797,0.8,9.7,-0.247423,-0.0824743
798,0.8,9.8,-0.244898,-0.0816327
799,0.8,9.9,-0.242424,-0.0808081
800,0.8,10,-0.24,-0.08
801,0.9,0.1,-27,-9
802,0.9,0.2,-13.5,-4.5
803,0.9,0.3,-9,-3
804,0.9,0.4,-6.75,-2.25
805,0.9,0.5,-5.4,-1.8
806,0.9,0.6,-4.5,-1.5
807,0.9,0.7,-3.85714,-1.28571
808,0.9,0.8,-3.375,-1.125
809,0.9,0.9,-3,-1
810,0.9,1,-2.7,-0.9
811,0.9,1.1,-2.45455,-0.818182
812,0.9,1.2,-2.25,-0.75
813,0.9,1.3,-2.07692,-0.692308
814,0.9,1.4,-1.92857,-0.642857
815,0.9,1.5,-1.8,-0.6
816,0.9,1.6,-1.6875,-0.5625
817,0.9,1.7,-1.58824,-0.529412
818,0.9,1.8,-1.5,-0.5
819,0.9,1.9,-1.42105,-0.473684
820,0.9,2,-1.35,-0.45
821,0.9,2.1,-1.28571,-0.428571
822,0.9,2.2,-1.22727,-0.409091
823,0.9,2.3,-1.17391,-0.391304
824,0.9,2.4,-1.125,-0.375
825,0.9,2.5,-1.08,-0.36
826,0.9,2.6,-1.03846,-0.346154
827,0.9,2.7,-1,-0.333333
828,0.9,2.8,-0.964286,-0.321429
829,0.9,2.9,-0.931034,-0.310345
830,0.9,3,-0.9,-0.3
831,0.9,3.1,-0.870968,-0.290323
832,0.9,3.2,-0.84375,-0.28125
833,0.9,3.3,-0.818182,-0.272727
834,0.9,3.4,-0.794118,-0.264706
835,0.9,3.5,-0.771429,-0.257143
836,0.9,3.6,-0.75,-0.25
837,0.9,3.7,-0.72973,-0.243243
838,0.9,3.8,-0.710526,-0.236842
839,0.9,3.9,-0.692308,-0.230769
840,0.9,4,-0.675,-0.225
841,0.9,4.1,-0.658537,-0.219512
842,0.9,4.2,-0.642857,-0.214286
843,0.9,4.3,-0.627907,-0.209302
844,0.9,4.4,-0.613636,-0.204546
845,0.9,4.5,-0.6,-0.2
846,0.9,4.6,-0.586956,-0.195652
847,0.9,4.7,-0.574468,-0.191489
848,0.9,4.8,-0.5625,-0.1875
849,0.9,4.9,-0.55102,-0.183674
850,0.9,5,-0.54,-0.18
851,0.9,5.1,-0.529412,-0.176471
852,0.9,5.2,-0.519231,-0.173077
853,0.9,5.3,-0.509434,-0.169811
854,0.9,5.4,-0.5,-0.166667
855,0.9,5.5,-0.490909,-0.163636
856,0.9,5.6,-0.482143,-0.160714
857,0.9,5.7,-0.473684,-0.157895
858,0.9,5.8,-0.465517,-0.155172
859,0.9,5.9,-0.457627,-0.152542
860,0.9,6,-0.45,-0.15
861,0.9,6.1,-0.442623,-0.147541
862,0.9,6.2,-0.435484,-0.145161
863,0.9,6.3,-0.428571,-0.142857
864,0.9,6.4,-0.421875,-0.140625
865,0.9,6.5,-0.415385,-0.138462
866,0.9,6.6,-0.409091,-0.136364
867,0.9,6.7,-0.402985,-0.134328
868,0.9,6.8,-0.397059,-0.132353
869,0.9,6.9,-0.391304,-0.130435
870,0.9,7,-0.385714,-0.128571
871,0.9,7.1,-0.380282,-0.126761
872,0.9,7.2,-0.375,-0.125
873,0.9,7.3,-0.369863,-0.123288
874,0.9,7.4,-0.364865,-0.121622
875,0.9,7.5,-0.36,-0.12
876,0.9,7.6,-0.355263,-0.118421
877,0.9,7.7,-0.350649,-0.116883
878,0.9,7.8,-0.346154,-0.115385
879,0.9,7.9,-0.341772,-0.113924
880,0.9,8,-0.3375,-0.1125
881,0.9,8.1,-0.333333,-0.111111
882,0.9,8.2,-0.329268,-0.109756
883,0.9,8.3,-0.325301,-0.108434
884,0.9,8.4,-0.321429,-0.107143
885,0.9,8.5,-0.317647,-0.105882
886,0.9,8.6,-0.313953,-0.104651
887,0.9,8.7,-0.310345,-0.103448
888,0.9,8.8,-0.306818,-0.102273
889,0.9,8.9,-0.303371,-0.101124
890,0.9,9,-0.3,-0.1
891,0.9,9.1,-0.296703,-0.0989011
892,0.9,9.2,-0.293478,-0.0978261
893,0.9,9.3,-0.290323,-0.0967742
894,0.9,9.4,-0.287234,-0.0957447
895,0.9,9.5,-0.28421,-0.0947369
896,0.9,9.6,-0.28125,-0.09375
897,0.9,9.7,-0.27835,-0.0927835
898,0.9,9.8,-0.27551,-0.0918368
899,0.9,9.9,-0.272727,-0.0909091
900,0.9,10,-0.27,-0.09
901,1,0.1,-30,-10
902,1,0.2,-15,-5
903,1,0.3,-10,-3.33333
904,1,0.4,-7.5,-2.5
905,1,0.5,-6,-2
906,1,0.6,-5,-1.66667
907,1,0.7,-4.28571,-1.42857
908,1,0.8,-3.75,-1.25
909,1,0.9,-3.33333,-1.11111
910,1,1,-3,-1
911,1,1.1,-2.72727,-0.909091
912,1,1.2,-2.5,-0.833333
913,1,1.3,-2.30769,-0.769231
914,1,1.4,-2.14286,-0.714286
915,1,1.5,-2,-0.666667
916,1,1.6,-1.875,-0.625
917,1,1.7,-1.76471,-0.588235
918,1,1.8,-1.66667,-0.555556
919,1,1.9,-1.57895,-0.526316
920,1,2,-1.5,-0.5
921,1,2.1,-1.42857,-0.47619
922,1,2.2,-1.36364,-0.454545
923,1,2.3,-1.30435,-0.434783
924,1,2.4,-1.25,-0.416667
925,1,2.5,-1.2,-0.4
926,1,2.6,-1.15385,-0.384615
927,1,2.7,-1.11111,-0.37037
928,1,2.8,-1.07143,-0.357143
929,1,2.9,-1.03448,-0.344828
930,1,3,-1,-0.333333
931,1,3.1,-0.967742,-0.322581
932,1,3.2,-0.9375,-0.3125
933,1,3.3,-0.909091,-0.30303
934,1,3.4,-0.882353,-0.294118
935,1,3.5,-0.857143,-0.285714
936,1,3.6,-0.833333,-0.277778
937,1,3.7,-0.810811,-0.27027
938,1,3.8,-0.789474,-0.263158
939,1,3.9,-0.769231,-0.25641
940,1,4,-0.75,-0.25
941,1,4.1,-0.731707,-0.243902
942,1,4.2,-0.714286,-0.238095
943,1,4.3,-0.697674,-0.232558
944,1,4.4,-0.681818,-0.227273
945,1,4.5,-0.666667,-0.222222
946,1,4.6,-0.652174,-0.217391
947,1,4.7,-0.638298,-0.212766
948,1,4.8,-0.625,-0.208333
949,1,4.9,-0.612245,-0.204082
950,1,5,-0.6,-0.2
951,1,5.1,-0.588235,-0.196079
952,1,5.2,-0.576923,-0.192308
953,1,5.3,-0.566038,-0.188679
954,1,5.4,-0.555555,-0.185185
955,1,5.5,-0.545454,-0.181818
956,1,5.6,-0.535714,-0.178572
957,1,5.7,-0.526316,-0.175439
958,1,5.8,-0.517241,-0.172414
959,1,5.9,-0.508475,-0.169492
960,1,6,-0.5,-0.166667
961,1,6.1,-0.491803,-0.163934
962,1,6.2,-0.483871,-0.16129
963,1,6.3,-0.47619,-0.15873
964,1,6.4,-0.46875,-0.15625
965,1,6.5,-0.461538,-0.153846
966,1,6.6,-0.454545,-0.151515
967,1,6.7,-0.447761,-0.149254
968,1,6.8,-0.441176,-0.147059
969,1,6.9,-0.434783,-0.144928
970,1,7,-0.428571,-0.142857
971,1,7.1,-0.422535,-0.140845
972,1,7.2,-0.416667,-0.138889
973,1,7.3,-0.410959,-0.136986
974,1,7.4,-0.405405,-0.135135
975,1,7.5,-0.4,-0.133333
976,1,7.6,-0.394737,-0.131579
977,1,7.7,-0.38961,-0.12987
978,1,7.8,-0.384615,-0.128205
979,1,7.9,-0.379747,-0.126582
980,1,8,-0.375,-0.125
981,1,8.1,-0.37037,-0.123457
982,1,8.2,-0.365854,-0.121951
983,1,8.3,-0.361446,-0.120482
984,1,8.4,-0.357143,-0.119048
985,1,8.5,-0.352941,-0.117647
986,1,8.6,-0.348837,-0.116279
987,1,8.7,-0.344828,-0.114943
988,1,8.8,-0.340909,-0.113636
989,1,8.9,-0.337079,-0.11236
990,1,9,-0.333333,-0.111111
991,1,9.1,-0.32967,-0.10989
992,1,9.2,-0.326087,-0.108696
993,1,9.3,-0.322581,-0.107527
994,1,9.4,-0.319149,-0.106383
995,1,9.5,-0.315789,-0.105263
996,1,9.6,-0.3125,-0.104167
997,1,9.7,-0.309278,-0.103093
998,1,9.8,-0.306122,-0.102041
999,1,9.9,-0.30303,-0.10101
1000,1,10,-0.3,-0.1
1001,1.1,0.1,-33,-11
1002,1.1,0.2,-16.5,-5.5
1003,1.1,0.3,-11,-3.66667
1004,1.1,0.4,-8.25,-2.75
1005,1.1,0.5,-6.6,-2.2
1006,1.1,0.6,-5.5,-1.83333
1007,1.1,0.7,-4.71429,-1.57143
1008,1.1,0.8,-4.125,-1.375
1009,1.1,0.9,-3.66667,-1.22222
1010,1.1,1,-3.3,-1.1
1011,1.1,1.1,-3,-1
1012,1.1,1.2,-2.75,-0.916667
1013,1.1,1.3,-2.53846,-0.846154
1014,1.1,1.4,-2.35714,-0.785714
1015,1.1,1.5,-2.2,-0.733333
1016,1.1,1.6,-2.0625,-0.6875
1017,1.1,1.7,-1.94118,-0.647059
1018,1.1,1.8,-1.83333,-0.611111
1019,1.1,1.9,-1.73684,-0.578947
1020,1.1,2,-1.65,-0.55
1021,1.1,2.1,-1.57143,-0.52381
1022,1.1,2.2,-1.5,-0.5
1023,1.1,2.3,-1.43478,-0.478261
1024,1.1,2.4,-1.375,-0.458333
1025,1.1,2.5,-1.32,-0.44
1026,1.1,2.6,-1.26923,-0.423077
1027,1.1,2.7,-1.22222,-0.407407
1028,1.1,2.8,-1.17857,-0.392857
1029,1.1,2.9,-1.13793,-0.37931
1030,1.1,3,-1.1,-0.366667
1031,1.1,3.1,-1.06452,-0.354839
1032,1.1,3.2,-1.03125,-0.34375
1033,1.1,3.3,-1,-0.333333
1034,1.1,3.4,-0.970588,-0.323529
1035,1.1,3.5,-0.942857,-0.314286
1036,1.1,3.6,-0.916667,-0.305556
1037,1.1,3.7,-0.891892,-0.297297
1038,1.1,3.8,-0.868421,-0.289474
1039,1.1,3.9,-0.846154,-0.282051
1040,1.1,4,-0.825,-0.275
1041,1.1,4.1,-0.804878,-0.268293
1042,1.1,4.2,-0.785714,-0.261905
1043,1.1,4.3,-0.767442,-0.255814
1044,1.1,4.4,-0.75,-0.25
1045,1.1,4.5,-0.733333,-0.244444
1046,1.1,4.6,-0.717391,-0.23913
1047,1.1,4.7,-0.702128,-0.234043
1048,1.1,4.8,-0.6875,-0.229167
1049,1.1,4.9,-0.673469,-0.22449
1050,1.1,5,-0.66,-0.22
1051,1.1,5.1,-0.647059,-0.215686
1052,1.1,5.2,-0.634615,-0.211538
1053,1.1,5.3,-0.622641,-0.207547
1054,1.1,5.4,-0.611111,-0.203704
1055,1.1,5.5,-0.6,-0.2
1056,1.1,5.6,-0.589286,-0.196429
1057,1.1,5.7,-0.578947,-0.192983
1058,1.1,5.8,-0.568965,-0.189655
1059,1.1,5.9,-0.559322,-0.186441
1060,1.1,6,-0.55,-0.183333
1061,1.1,6.1,-0.540984,-0.180328
1062,1.1,6.2,-0.532258,-0.177419
1063,1.1,6.3,-0.523809,-0.174603
1064,1.1,6.4,-0.515625,-0.171875
1065,1.1,6.5,-0.507692,-0.169231
1066,1.1,6.6,-0.5,-0.166667
1067,1.1,6.7,-0.492537,-0.164179
1068,1.1,6.8,-0.485294,-0.161765
1069,1.1,6.9,-0.478261,-0.15942
1070,1.1,7,-0.471429,-0.157143
1071,1.1,7.1,-0.464789,-0.15493
1072,1.1,7.2,-0.458333,-0.152778
1073,1.1,7.3,-0.452055,-0.150685
1074,1.1,7.4,-0.445946,-0.148649
1075,1.1,7.5,-0.44,-0.146667
1076,1.1,7.6,-0.43421,-0.144737
1077,1.1,7.7,-0.428571,-0.142857
1078,1.1,7.8,-0.423077,-0.141026
1079,1.1,7.9,-0.417721,-0.139241
1080,1.1,8,-0.4125,-0.1375
1081,1.1,8.1,-0.407407,-0.135803
1082,1.1,8.2,-0.402439,-0.134146
1083,1.1,8.3,-0.39759,-0.13253
1084,1.1,8.4,-0.392857,-0.130952
1085,1.1,8.5,-0.388235,-0.129412
1086,1.1,8.6,-0.383721,-0.127907
1087,1.1,8.7,-0.37931,-0.126437
1088,1.1,8.8,-0.375,-0.125
1089,1.1,8.9,-0.370786,-0.123596
1090,1.1,9,-0.366667,-0.122222
1091,1.1,9.1,-0.362637,-0.120879
1092,1.1,9.2,-0.358696,-0.119565
1093,1.1,9.3,-0.354839,-0.11828
1094,1.1,9.4,-0.351064,-0.117021
1095,1.1,9.5,-0.347368,-0.11579
1096,1.1,9.6,-0.34375,-0.114583
1097,1.1,9.7,-0.340206,-0.113402
1098,1.1,9.8,-0.336735,-0.112245
1099,1.1,9.9,-0.333333,-0.111111
1100,1.1,10,-0.33,-0.11
1101,1.2,0.1,-36,-12
1102,1.2,0.2,-18,-6
1103,1.2,0.3,-12,-4
1104,1.2,0.4,-9,-3
1105,1.2,0.5,-7.2,-2.4
1106,1.2,0.6,-6,-2
1107,1.2,0.7,-5.14286,-1.71429
1108,1.2,0.8,-4.5,-1.5
1109,1.2,0.9,-4,-1.33333
1110,1.2,1,-3.6,-1.2
1111,1.2,1.1,-3.27273,-1.09091
1112,1.2,1.2,-3,-1
1113,1.2,1.3,-2.76923,-0.923077
1114,1.2,1.4,-2.57143,-0.857143
1115,1.2,1.5,-2.4,-0.8
1116,1.2,1.6,-2.25,-0.75
1117,1.2,1.7,-2.11765,-0.705882
1118,1.2,1.8,-2,-0.666667
1119,1.2,1.9,-1.89474,-0.631579
1120,1.2,2,-1.8,-0.6
1121,1.2,2.1,-1.71429,-0.571429
1122,1.2,2.2,-1.63636,-0.545455
1123,1.2,2.3,-1.56522,-0.521739
1124,1.2,2.4,-1.5,-0.5
1125,1.2,2.5,-1.44,-0.48
1126,1.2,2.6,-1.38462,-0.461538
1127,1.2,2.7,-1.33333,-0.444444
1128,1.2,2.8,-1.28571,-0.428571
1129,1.2,2.9,-1.24138,-0.413793
1130,1.2,3,-1.2,-0.4
1131,1.2,3.1,-1.16129,-0.387097
1132,1.2,3.2,-1.125,-0.375
1133,1.2,3.3,-1.09091,-0.363636
1134,1.2,3.4,-1.05882,-0.352941
1135,1.2,3.5,-1.02857,-0.342857
1136,1.2,3.6,-1,-0.333333
1137,1.2,3.7,-0.972973,-0.324324
1138,1.2,3.8,-0.947368,-0.315789
1139,1.2,3.9,-0.923077,-0.307692
1140,1.2,4,-0.9,-0.3
1141,1.2,4.1,-0.878049,-0.292683
1142,1.2,4.2,-0.857143,-0.285714
1143,1.2,4.3,-0.837209,-0.27907
1144,1.2,4.4,-0.818182,-0.272727
1145,1.2,4.5,-0.8,-0.266667
1146,1.2,4.6,-0.782609,-0.26087
1147,1.2,4.7,-0.765957,-0.255319
1148,1.2,4.8,-0.75,-0.25
1149,1.2,4.9,-0.734694,-0.244898
1150,1.2,5,-0.72,-0.24
1151,1.2,5.1,-0.705882,-0.235294
1152,1.2,5.2,-0.692308,-0.230769
1153,1.2,5.3,-0.679245,-0.226415
1154,1.2,5.4,-0.666667,-0.222222
1155,1.2,5.5,-0.654545,-0.218182
1156,1.2,5.6,-0.642857,-0.214286
1157,1.2,5.7,-0.631579,-0.210526
1158,1.2,5.8,-0.62069,-0.206897
1159,1.2,5.9,-0.610169,-0.20339
1160,1.2,6,-0.6,-0.2
1161,1.2,6.1,-0.590164,-0.196721
1162,1.2,6.2,-0.580645,-0.193548
1163,1.2,6.3,-0.571428,-0.190476
1164,1.2,6.4,-0.5625,-0.1875
1165,1.2,6.5,-0.553846,-0.184615
1166,1.2,6.6,-0.545454,-0.181818
1167,1.2,6.7,-0.537313,-0.179105
1168,1.2,6.8,-0.529412,-0.176471
1169,1.2,6.9,-0.521739,-0.173913
1170,1.2,7,-0.514286,-0.171429
1171,1.2,7.1,-0.507042,-0.169014
1172,1.2,7.2,-0.5,-0.166667
1173,1.2,7.3,-0.493151,-0.164384
1174,1.2,7.4,-0.486486,-0.162162
1175,1.2,7.5,-0.48,-0.16
1176,1.2,7.6,-0.473684,-0.157895
1177,1.2,7.7,-0.467532,-0.155844
1178,1.2,7.8,-0.461538,-0.153846
1179,1.2,7.9,-0.455696,-0.151899
1180,1.2,8,-0.45,-0.15
1181,1.2,8.1,-0.444444,-0.148148
1182,1.2,8.2,-0.439024,-0.146342
1183,1.2,8.3,-0.433735,-0.144578
1184,1.2,8.4,-0.428571,-0.142857
1185,1.2,8.5,-0.423529,-0.141177
1186,1.2,8.6,-0.418605,-0.139535
1187,1.2,8.7,-0.413793,-0.137931
1188,1.2,8.8,-0.409091,-0.136364
1189,1.2,8.9,-0.404494,-0.134832
1190,1.2,9,-0.4,-0.133333
1191,1.2,9.1,-0.395604,-0.131868
1192,1.2,9.2,-0.391304,-0.130435
1193,1.2,9.3,-0.387097,-0.129032
1194,1.2,9.4,-0.382979,-0.12766
1195,1.2,9.5,-0.378947,-0.126316
1196,1.2,9.6,-0.375,-0.125
1197,1.2,9.7,-0.371134,-0.123711
1198,1.2,9.8,-0.367347,-0.122449
1199,1.2,9.9,-0.363636,-0.121212
1200,1.2,10,-0.36,-0.12
1201,1.3,0.1,-39,-13
1202,1.3,0.2,-19.5,-6.5
1203,1.3,0.3,-13,-4.33333
1204,1.3,0.4,-9.75,-3.25
1205,1.3,0.5,-7.8,-2.6
1206,1.3,0.6,-6.5,-2.16667
1207,1.3,0.7,-5.57143,-1.85714
1208,1.3,0.8,-4.875,-1.625
1209,1.3,0.9,-4.33333,-1.44444
1210,1.3,1,-3.9,-1.3
1211,1.3,1.1,-3.54545,-1.18182
1212,1.3,1.2,-3.25,-1.08333
1213,1.3,1.3,-3,-1
1214,1.3,1.4,-2.78571,-0.928571
1215,1.3,1.5,-2.6,-0.866667
1216,1.3,1.6,-2.4375,-0.8125
1217,1.3,1.7,-2.29412,-0.764706
1218,1.3,1.8,-2.16667,-0.722222
1219,1.3,1.9,-2.05263,-0.684211
1220,1.3,2,-1.95,-0.65
1221,1.3,2.1,-1.85714,-0.619048
1222,1.3,2.2,-1.77273,-0.590909
1223,1.3,2.3,-1.69565,-0.565217
1224,1.3,2.4,-1.625,-0.541667
1225,1.3,2.5,-1.56,-0.52
1226,1.3,2.6,-1.5,-0.5
1227,1.3,2.7,-1.44444,-0.481482
1228,1.3,2.8,-1.39286,-0.464286
1229,1.3,2.9,-1.34483,-0.448276
1230,1.3,3,-1.3,-0.433333
1231,1.3,3.1,-1.25806,-0.419355
1232,1.3,3.2,-1.21875,-0.40625
1233,1.3,3.3,-1.18182,-0.393939
1234,1.3,3.4,-1.14706,-0.382353
1235,1.3,3.5,-1.11429,-0.371429
1236,1.3,3.6,-1.08333,-0.361111
1237,1.3,3.7,-1.05405,-0.351351
1238,1.3,3.8,-1.02632,-0.342105
1239,1.3,3.9,-1,-0.333333
1240,1.3,4,-0.975,-0.325
1241,1.3,4.1,-0.951219,-0.317073
1242,1.3,4.2,-0.928571,-0.309524
1243,1.3,4.3,-0.906977,-0.302326
1244,1.3,4.4,-0.886364,-0.295455
1245,1.3,4.5,-0.866667,-0.288889
1246,1.3,4.6,-0.847826,-0.282609
1247,1.3,4.7,-0.829787,-0.276596
1248,1.3,4.8,-0.8125,-0.270833
1249,1.3,4.9,-0.795918,-0.265306
1250,1.3,5,-0.78,-0.26
1251,1.3,5.1,-0.764706,-0.254902
1252,1.3,5.2,-0.75,-0.25
1253,1.3,5.3,-0.735849,-0.245283
1254,1.3,5.4,-0.722222,-0.240741
1255,1.3,5.5,-0.709091,-0.236364
1256,1.3,5.6,-0.696429,-0.232143
1257,1.3,5.7,-0.684211,-0.22807
1258,1.3,5.8,-0.672414,-0.224138
1259,1.3,5.9,-0.661017,-0.220339
1260,1.3,6,-0.65,-0.216667
1261,1.3,6.1,-0.639344,-0.213115
1262,1.3,6.2,-0.629032,-0.209678
1263,1.3,6.3,-0.619048,-0.206349
1264,1.3,6.4,-0.609375,-0.203125
1265,1.3,6.5,-0.6,-0.2
1266,1.3,6.6,-0.590909,-0.19697
1267,1.3,6.7,-0.582089,-0.19403
1268,1.3,6.8,-0.573529,-0.191177
1269,1.3,6.9,-0.565217,-0.188406
1270,1.3,7,-0.557143,-0.185714
1271,1.3,7.1,-0.549296,-0.183099
1272,1.3,7.2,-0.541667,-0.180556
1273,1.3,7.3,-0.534247,-0.178082
1274,1.3,7.4,-0.527027,-0.175676
1275,1.3,7.5,-0.52,-0.173333
1276,1.3,7.6,-0.513158,-0.171053
1277,1.3,7.7,-0.506493,-0.168831
1278,1.3,7.8,-0.5,-0.166667
1279,1.3,7.9,-0.493671,-0.164557
1280,1.3,8,-0.4875,-0.1625
1281,1.3,8.1,-0.481481,-0.160494
1282,1.3,8.2,-0.47561,-0.158537
1283,1.3,8.3,-0.469879,-0.156627
1284,1.3,8.4,-0.464286,-0.154762
1285,1.3,8.5,-0.458823,-0.152941
1286,1.3,8.6,-0.453488,-0.151163
1287,1.3,8.7,-0.448276,-0.149425
1288,1.3,8.8,-0.443182,-0.147727
1289,1.3,8.9,-0.438202,-0.146067
1290,1.3,9,-0.433333,-0.144445
1291,1.3,9.1,-0.428571,-0.142857
1292,1.3,9.2,-0.423913,-0.141304
1293,1.3,9.3,-0.419355,-0.139785
1294,1.3,9.4,-0.414894,-0.138298
1295,1.3,9.5,-0.410526,-0.136842
1296,1.3,9.6,-0.40625,-0.135417
1297,1.3,9.7,-0.402062,-0.134021
1298,1.3,9.8,-0.397959,-0.132653
1299,1.3,9.9,-0.393939,-0.131313
1300,1.3,10,-0.39,-0.13
1301,1.4,0.1,-42,-14
1302,1.4,0.2,-21,-7
1303,1.4,0.3,-14,-4.66667
1304,1.4,0.4,-10.5,-3.5
1305,1.4,0.5,-8.4,-2.8
1306,1.4,0.6,-7,-2.33333
1307,1.4,0.7,-6,-2
1308,1.4,0.8,-5.25,-1.75
1309,1.4,0.9,-4.66667,-1.55556
1310,1.4,1,-4.2,-1.4
1311,1.4,1.1,-3.81818,-1.27273
1312,1.4,1.2,-3.5,-1.16667
1313,1.4,1.3,-3.23077,-1.07692
1314,1.4,1.4,-3,-1
1315,1.4,1.5,-2.8,-0.933333
1316,1.4,1.6,-2.625,-0.875
1317,1.4,1.7,-2.47059,-0.823529
1318,1.4,1.8,-2.33333,-0.777778
1319,1.4,1.9,-2.21053,-0.736842
1320,1.4,2,-2.1,-0.7
1321,1.4,2.1,-2,-0.666667
1322,1.4,2.2,-1.90909,-0.636364
1323,1.4,2.3,-1.82609,-0.608696
1324,1.4,2.4,-1.75,-0.583333
1325,1.4,2.5,-1.68,-0.56
1326,1.4,2.6,-1.61538,-0.538462
1327,1.4,2.7,-1.55556,-0.518519
1328,1.4,2.8,-1.5,-0.5
1329,1.4,2.9,-1.44828,-0.482759
1330,1.4,3,-1.4,-0.466667
1331,1.4,3.1,-1.35484,-0.451613
1332,1.4,3.2,-1.3125,-0.4375
1333,1.4,3.3,-1.27273,-0.424242
1334,1.4,3.4,-1.23529,-0.411765
1335,1.4,3.5,-1.2,-0.4
1336,1.4,3.6,-1.16667,-0.388889
1337,1.4,3.7,-1.13514,-0.378378
1338,1.4,3.8,-1.10526,-0.368421
1339,1.4,3.9,-1.07692,-0.358974
1340,1.4,4,-1.05,-0.35
1341,1.4,4.1,-1.02439,-0.341463
1342,1.4,4.2,-1,-0.333333
1343,1.4,4.3,-0.976744,-0.325581
1344,1.4,4.4,-0.954545,-0.318182
1345,1.4,4.5,-0.933333,-0.311111
1346,1.4,4.6,-0.913043,-0.304348
1347,1.4,4.7,-0.893617,-0.297872
1348,1.4,4.8,-0.875,-0.291667
1349,1.4,4.9,-0.857143,-0.285714
1350,1.4,5,-0.84,-0.28
1351,1.4,5.1,-0.823529,-0.27451
1352,1.4,5.2,-0.807692,-0.269231
1353,1.4,5.3,-0.792453,-0.264151
1354,1.4,5.4,-0.777778,-0.259259
1355,1.4,5.5,-0.763636,-0.254545
1356,1.4,5.6,-0.75,-0.25
1357,1.4,5.7,-0.736842,-0.245614
1358,1.4,5.8,-0.724138,-0.241379
1359,1.4,5.9,-0.711864,-0.237288
1360,1.4,6,-0.7,-0.233333
1361,1.4,6.1,-0.688525,-0.229508
1362,1.4,6.2,-0.677419,-0.225806
1363,1.4,6.3,-0.666667,-0.222222
1364,1.4,6.4,-0.65625,-0.21875
1365,1.4,6.5,-0.646154,-0.215385
1366,1.4,6.6,-0.636364,-0.212121
1367,1.4,6.7,-0.626866,-0.208955
1368,1.4,6.8,-0.617647,-0.205882
1369,1.4,6.9,-0.608696,-0.202899
1370,1.4,7,-0.6,-0.2
1371,1.4,7.1,-0.591549,-0.197183
1372,1.4,7.2,-0.583333,-0.194445
1373,1.4,7.3,-0.575342,-0.191781
1374,1.4,7.4,-0.567567,-0.189189
1375,1.4,7.5,-0.56,-0.186667
1376,1.4,7.6,-0.552632,-0.184211
1377,1.4,7.7,-0.545454,-0.181818
1378,1.4,7.8,-0.538461,-0.179487
1379,1.4,7.9,-0.531645,-0.177215
1380,1.4,8,-0.525,-0.175
1381,1.4,8.1,-0.518518,-0.17284
1382,1.4,8.2,-0.512195,-0.170732
1383,1.4,8.3,-0.506024,-0.168675
1384,1.4,8.4,-0.5,-0.166667
1385,1.4,8.5,-0.494118,-0.164706
1386,1.4,8.6,-0.488372,-0.162791
1387,1.4,8.7,-0.482759,-0.16092
1388,1.4,8.8,-0.477273,-0.159091
1389,1.4,8.9,-0.47191,-0.157303
1390,1.4,9,-0.466667,-0.155556
1391,1.4,9.1,-0.461538,-0.153846
1392,1.4,9.2,-0.456522,-0.152174
1393,1.4,9.3,-0.451613,-0.150538
1394,1.4,9.4,-0.446808,-0.148936
1395,1.4,9.5,-0.442105,-0.147368
1396,1.4,9.6,-0.4375,-0.145833
1397,1.4,9.7,-0.43299,-0.14433
1398,1.4,9.8,-0.428571,-0.142857
1399,1.4,9.9,-0.424242,-0.141414
1400,1.4,10,-0.42,-0.14
1401,1.5,0.1,-45,-15
1402,1.5,0.2,-22.5,-7.5
1403,1.5,0.3,-15,-5
1404,1.5,0.4,-11.25,-3.75
1405,1.5,0.5,-9,-3
1406,1.5,0.6,-7.5,-2.5
1407,1.5,0.7,-6.42857,-2.14286
1408,1.5,0.8,-5.625,-1.875
1409,1.5,0.9,-5,-1.66667
1410,1.5,1,-4.5,-1.5
1411,1.5,1.1,-4.09091,-1.36364
1412,1.5,1.2,-3.75,-1.25
1413,1.5,1.3,-3.46154,-1.15385
1414,1.5,1.4,-3.21429,-1.07143
1415,1.5,1.5,-3,-1
1416,1.5,1.6,-2.8125,-0.9375
1417,1.5,1.7,-2.64706,-0.882353
1418,1.5,1.8,-2.5,-0.833333
1419,1.5,1.9,-2.36842,-0.789474
1420,1.5,2,-2.25,-0.75
1421,1.5,2.1,-2.14286,-0.714286
1422,1.5,2.2,-2.04545,-0.681818
1423,1.5,2.3,-1.95652,-0.652174
1424,1.5,2.4,-1.875,-0.625
1425,1.5,2.5,-1.8,-0.6
1426,1.5,2.6,-1.73077,-0.576923
1427,1.5,2.7,-1.66667,-0.555556
1428,1.5,2.8,-1.60714,-0.535714
1429,1.5,2.9,-1.55172,-0.517241
1430,1.5,3,-1.5,-0.5
1431,1.5,3.1,-1.45161,-0.483871
1432,1.5,3.2,-1.40625,-0.46875
1433,1.5,3.3,-1.36364,-0.454545
1434,1.5,3.4,-1.32353,-0.441176
1435,1.5,3.5,-1.28571,-0.428571
1436,1.5,3.6,-1.25,-0.416667
1437,1.5,3.7,-1.21622,-0.405405
1438,1.5,3.8,-1.18421,-0.394737
1439,1.5,3.9,-1.15385,-0.384615
1440,1.5,4,-1.125,-0.375
1441,1.5,4.1,-1.09756,-0.365854
1442,1.5,4.2,-1.07143,-0.357143
1443,1.5,4.3,-1.04651,-0.348837
1444,1.5,4.4,-1.02273,-0.340909
1445,1.5,4.5,-1,-0.333333
1446,1.5,4.6,-0.978261,-0.326087
1447,1.5,4.7,-0.957447,-0.319149
1448,1.5,4.8,-0.9375,-0.3125
1449,1.5,4.9,-0.918367,-0.306122
1450,1.5,5,-0.9,-0.3
1451,1.5,5.1,-0.882353,-0.294118
1452,1.5,5.2,-0.865385,-0.288462
1453,1.5,5.3,-0.849057,-0.283019
1454,1.5,5.4,-0.833333,-0.277778
1455,1.5,5.5,-0.818182,-0.272727
1456,1.5,5.6,-0.803571,-0.267857
1457,1.5,5.7,-0.789474,-0.263158
1458,1.5,5.8,-0.775862,-0.258621
1459,1.5,5.9,-0.762712,-0.254237
1460,1.5,6,-0.75,-0.25
1461,1.5,6.1,-0.737705,-0.245902
1462,1.5,6.2,-0.725806,-0.241935
1463,1.5,6.3,-0.714286,-0.238095
1464,1.5,6.4,-0.703125,-0.234375
1465,1.5,6.5,-0.692308,-0.230769
1466,1.5,6.6,-0.681818,-0.227273
1467,1.5,6.7,-0.671642,-0.223881
1468,1.5,6.8,-0.661765,-0.220588
1469,1.5,6.9,-0.652174,-0.217391
1470,1.5,7,-0.642857,-0.214286
1471,1.5,7.1,-0.633803,-0.211268
1472,1.5,7.2,-0.625,-0.208333
1473,1.5,7.3,-0.616438,-0.20548
1474,1.5,7.4,-0.608108,-0.202703
1475,1.5,7.5,-0.6,-0.2
1476,1.5,7.6,-0.592105,-0.197369
1477,1.5,7.7,-0.584416,-0.194805
1478,1.5,7.8,-0.576923,-0.192308
1479,1.5,7.9,-0.56962,-0.189873
1480,1.5,8,-0.5625,-0.1875
1481,1.5,8.1,-0.555555,-0.185185
1482,1.5,8.2,-0.54878,-0.182927
1483,1.5,8.3,-0.542169,-0.180723
1484,1.5,8.4,-0.535714,-0.178572
1485,1.5,8.5,-0.529412,-0.176471
1486,1.5,8.6,-0.523256,-0.174419
1487,1.5,8.7,-0.517241,-0.172414
1488,1.5,8.8,-0.511364,-0.170455
1489,1.5,8.9,-0.505618,-0.168539
1490,1.5,9,-0.5,-0.166667
1491,1.5,9.1,-0.494505,-0.164835
1492,1.5,9.2,-0.48913,-0.163044
1493,1.5,9.3,-0.483871,-0.16129
1494,1.5,9.4,-0.478723,-0.159575
1495,1.5,9.5,-0.473684,-0.157895
1496,1.5,9.6,-0.46875,-0.15625
1497,1.5,9.7,-0.463917,-0.154639
1498,1.5,9.8,-0.459184,-0.153061
1499,1.5,9.9,-0.454545,-0.151515
1500,1.5,10,-0.45,-0.15
1501,1.6,0.1,-48,-16
1502,1.6,0.2,-24,-8
1503,1.6,0.3,-16,-5.33333
1504,1.6,0.4,-12,-4
1505,1.6,0.5,-9.6,-3.2
1506,1.6,0.6,-8,-2.66667
1507,1.6,0.7,-6.85714,-2.28571
1508,1.6,0.8,-6,-2
1509,1.6,0.9,-5.33333,-1.77778
1510,1.6,1,-4.8,-1.6
1511,1.6,1.1,-4.36364,-1.45455
1512,1.6,1.2,-4,-1.33333
1513,1.6,1.3,-3.69231,-1.23077
1514,1.6,1.4,-3.42857,-1.14286
1515,1.6,1.5,-3.2,-1.06667
1516,1.6,1.6,-3,-1
1517,1.6,1.7,-2.82353,-0.941177
1518,1.6,1.8,-2.66667,-0.888889
1519,1.6,1.9,-2.52632,-0.842105
1520,1.6,2,-2.4,-0.8
1521,1.6,2.1,-2.28571,-0.761905
1522,1.6,2.2,-2.18182,-0.727273
1523,1.6,2.3,-2.08696,-0.695652
1524,1.6,2.4,-2,-0.666667
1525,1.6,2.5,-1.92,-0.64
1526,1.6,2.6,-1.84615,-0.615385
1527,1.6,2.7,-1.77778,-0.592593
1528,1.6,2.8,-1.71429,-0.571429
1529,1.6,2.9,-1.65517,-0.551724
1530,1.6,3,-1.6,-0.533333
1531,1.6,3.1,-1.54839,-0.516129
1532,1.6,3.2,-1.5,-0.5
1533,1.6,3.3,-1.45455,-0.484849
1534,1.6,3.4,-1.41176,-0.470588
1535,1.6,3.5,-1.37143,-0.457143
1536,1.6,3.6,-1.33333,-0.444444
1537,1.6,3.7,-1.2973,-0.432432
1538,1.6,3.8,-1.26316,-0.421053
1539,1.6,3.9,-1.23077,-0.410256
1540,1.6,4,-1.2,-0.4
1541,1.6,4.1,-1.17073,-0.390244
1542,1.6,4.2,-1.14286,-0.380952
1543,1.6,4.3,-1.11628,-0.372093
1544,1.6,4.4,-1.09091,-0.363636
1545,1.6,4.5,-1.06667,-0.355556
1546,1.6,4.6,-1.04348,-0.347826
1547,1.6,4.7,-1.02128,-0.340426
1548,1.6,4.8,-1,-0.333333
1549,1.6,4.9,-0.979592,-0.326531
1550,1.6,5,-0.96,-0.32
1551,1.6,5.1,-0.941176,-0.313726
1552,1.6,5.2,-0.923077,-0.307692
1553,1.6,5.3,-0.90566,-0.301887
1554,1.6,5.4,-0.888889,-0.296296
1555,1.6,5.5,-0.872727,-0.290909
1556,1.6,5.6,-0.857143,-0.285714
1557,1.6,5.7,-0.842105,-0.280702
1558,1.6,5.8,-0.827586,-0.275862
1559,1.6,5.9,-0.813559,-0.271186
1560,1.6,6,-0.8,-0.266667
1561,1.6,6.1,-0.786885,-0.262295
1562,1.6,6.2,-0.774194,-0.258065
1563,1.6,6.3,-0.761905,-0.253968
1564,1.6,6.4,-0.75,-0.25
1565,1.6,6.5,-0.738462,-0.246154
1566,1.6,6.6,-0.727273,-0.242424
1567,1.6,6.7,-0.716418,-0.238806
1568,1.6,6.8,-0.705882,-0.235294
1569,1.6,6.9,-0.695652,-0.231884
1570,1.6,7,-0.685714,-0.228571
1571,1.6,7.1,-0.676056,-0.225352
1572,1.6,7.2,-0.666667,-0.222222
1573,1.6,7.3,-0.657534,-0.219178
1574,1.6,7.4,-0.648649,-0.216216
1575,1.6,7.5,-0.64,-0.213333
1576,1.6,7.6,-0.631579,-0.210526
1577,1.6,7.7,-0.623377,-0.207792
1578,1.6,7.8,-0.615385,-0.205128
1579,1.6,7.9,-0.607595,-0.202532
1580,1.6,8,-0.6,-0.2
1581,1.6,8.1,-0.592593,-0.197531
1582,1.6,8.2,-0.585366,-0.195122
1583,1.6,8.3,-0.578313,-0.192771
1584,1.6,8.4,-0.571428,-0.190476
1585,1.6,8.5,-0.564706,-0.188235
1586,1.6,8.6,-0.558139,-0.186047
1587,1.6,8.7,-0.551724,-0.183908
1588,1.6,8.8,-0.545454,-0.181818
1589,1.6,8.9,-0.539326,-0.179775
1590,1.6,9,-0.533333,-0.177778
1591,1.6,9.1,-0.527472,-0.175824
1592,1.6,9.2,-0.521739,-0.173913
1593,1.6,9.3,-0.516129,-0.172043
1594,1.6,9.4,-0.510638,-0.170213
1595,1.6,9.5,-0.505263,-0.168421
1596,1.6,9.6,-0.5,-0.166667
1597,1.6,9.7,-0.494845,-0.164949
1598,1.6,9.8,-0.489796,-0.163265
1599,1.6,9.9,-0.484848,-0.161616
1600,1.6,10,-0.48,-0.16
1601,1.7,0.1,-51,-17
1602,1.7,0.2,-25.5,-8.5
1603,1.7,0.3,-17,-5.66667
1604,1.7,0.4,-12.75,-4.25
1605,1.7,0.5,-10.2,-3.4
1606,1.7,0.6,-8.5,-2.83333
1607,1.7,0.7,-7.28571,-2.42857
1608,1.7,0.8,-6.375,-2.125
1609,1.7,0.9,-5.66667,-1.88889
1610,1.7,1,-5.1,-1.7
1611,1.7,1.1,-4.63636,-1.54545
1612,1.7,1.2,-4.25,-1.41667
1613,1.7,1.3,-3.92308,-1.30769
1614,1.7,1.4,-3.64286,-1.21429
1615,1.7,1.5,-3.4,-1.13333
1616,1.7,1.6,-3.1875,-1.0625
1617,1.7,1.7,-3,-1
1618,1.7,1.8,-2.83333,-0.944444
1619,1.7,1.9,-2.68421,-0.894737
1620,1.7,2,-2.55,-0.85
1621,1.7,2.1,-2.42857,-0.809524
1622,1.7,2.2,-2.31818,-0.772727
1623,1.7,2.3,-2.21739,-0.73913
1624,1.7,2.4,-2.125,-0.708333
1625,1.7,2.5,-2.04,-0.68
1626,1.7,2.6,-1.96154,-0.653846
1627,1.7,2.7,-1.88889,-0.62963
1628,1.7,2.8,-1.82143,-0.607143
1629,1.7,2.9,-1.75862,-0.586207
1630,1.7,3,-1.7,-0.566667
1631,1.7,3.1,-1.64516,-0.548387
1632,1.7,3.2,-1.59375,-0.53125
1633,1.7,3.3,-1.54545,-0.515152
1634,1.7,3.4,-1.5,-0.5
1635,1.7,3.5,-1.45714,-0.485714
1636,1.7,3.6,-1.41667,-0.472222
1637,1.7,3.7,-1.37838,-0.459459
1638,1.7,3.8,-1.34211,-0.447368
1639,1.7,3.9,-1.30769,-0.435897
1640,1.7,4,-1.275,-0.425
1641,1.7,4.1,-1.2439,-0.414634
1642,1.7,4.2,-1.21429,-0.404762
1643,1.7,4.3,-1.18605,-0.395349
1644,1.7,4.4,-1.15909,-0.386364
1645,1.7,4.5,-1.13333,-0.377778
1646,1.7,4.6,-1.1087,-0.369565
1647,1.7,4.7,-1.08511,-0.361702
1648,1.7,4.8,-1.0625,-0.354167
1649,1.7,4.9,-1.04082,-0.346939
1650,1.7,5,-1.02,-0.34
1651,1.7,5.1,-1,-0.333333
1652,1.7,5.2,-0.980769,-0.326923
1653,1.7,5.3,-0.962264,-0.320755
1654,1.7,5.4,-0.944444,-0.314815
1655,1.7,5.5,-0.927273,-0.309091
1656,1.7,5.6,-0.910714,-0.303571
1657,1.7,5.7,-0.894737,-0.298246
1658,1.7,5.8,-0.87931,-0.293103
1659,1.7,5.9,-0.864407,-0.288136
1660,1.7,6,-0.85,-0.283333
1661,1.7,6.1,-0.836066,-0.278689
1662,1.7,6.2,-0.822581,-0.274194
1663,1.7,6.3,-0.809524,-0.269841
1664,1.7,6.4,-0.796875,-0.265625
1665,1.7,6.5,-0.784615,-0.261538
1666,1.7,6.6,-0.772727,-0.257576
1667,1.7,6.7,-0.761194,-0.253731
1668,1.7,6.8,-0.75,-0.25
1669,1.7,6.9,-0.73913,-0.246377
1670,1.7,7,-0.728571,-0.242857
1671,1.7,7.1,-0.71831,-0.239437
1672,1.7,7.2,-0.708333,-0.236111
1673,1.7,7.3,-0.69863,-0.232877
1674,1.7,7.4,-0.689189,-0.22973
1675,1.7,7.5,-0.68,-0.226667
1676,1.7,7.6,-0.671053,-0.223684
1677,1.7,7.7,-0.662338,-0.220779
1678,1.7,7.8,-0.653846,-0.217949
1679,1.7,7.9,-0.64557,-0.21519
1680,1.7,8,-0.6375,-0.2125
1681,1.7,8.1,-0.62963,-0.209877
1682,1.7,8.2,-0.621951,-0.207317
1683,1.7,8.3,-0.614458,-0.204819
1684,1.7,8.4,-0.607143,-0.202381
1685,1.7,8.5,-0.6,-0.2
1686,1.7,8.6,-0.593023,-0.197675
1687,1.7,8.7,-0.586207,-0.195402
1688,1.7,8.8,-0.579545,-0.193182
1689,1.7,8.9,-0.573034,-0.191011
1690,1.7,9,-0.566667,-0.188889
1691,1.7,9.1,-0.560439,-0.186813
1692,1.7,9.2,-0.554348,-0.184783
1693,1.7,9.3,-0.548387,-0.182796
1694,1.7,9.4,-0.542553,-0.180851
1695,1.7,9.5,-0.536842,-0.178947
1696,1.7,9.6,-0.53125,-0.177083
1697,1.7,9.7,-0.525773,-0.175258
1698,1.7,9.8,-0.520408,-0.173469
1699,1.7,9.9,-0.515151,-0.171717
1700,1.7,10,-0.51,-0.17
1701,1.8,0.1,-54,-18
1702,1.8,0.2,-27,-9
1703,1.8,0.3,-18,-6
1704,1.8,0.4,-13.5,-4.5
1705,1.8,0.5,-10.8,-3.6
1706,1.8,0.6,-9,-3
1707,1.8,0.7,-7.71429,-2.57143
1708,1.8,0.8,-6.75,-2.25
1709,1.8,0.9,-6,-2
1710,1.8,1,-5.4,-1.8
1711,1.8,1.1,-4.90909,-1.63636
1712,1.8,1.2,-4.5,-1.5
1713,1.8,1.3,-4.15385,-1.38462
1714,1.8,1.4,-3.85714,-1.28571
1715,1.8,1.5,-3.6,-1.2
1716,1.8,1.6,-3.375,-1.125
1717,1.8,1.7,-3.17647,-1.05882
1718,1.8,1.8,-3,-1
1719,1.8,1.9,-2.84211,-0.947368
1720,1.8,2,-2.7,-0.9
1721,1.8,2.1,-2.57143,-0.857143
1722,1.8,2.2,-2.45455,-0.818182
1723,1.8,2.3,-2.34783,-0.782609
1724,1.8,2.4,-2.25,-0.75
1725,1.8,2.5,-2.16,-0.72
1726,1.8,2.6,-2.07692,-0.692308
1727,1.8,2.7,-2,-0.666667
1728,1.8,2.8,-1.92857,-0.642857
1729,1.8,2.9,-1.86207,-0.62069
1730,1.8,3,-1.8,-0.6
1731,1.8,3.1,-1.74194,-0.580645
1732,1.8,3.2,-1.6875,-0.5625
1733,1.8,3.3,-1.63636,-0.545455
1734,1.8,3.4,-1.58824,-0.529412
1735,1.8,3.5,-1.54286,-0.514286
1736,1.8,3.6,-1.5,-0.5
1737,1.8,3.7,-1.45946,-0.486487
1738,1.8,3.8,-1.42105,-0.473684
1739,1.8,3.9,-1.38462,-0.461538
1740,1.8,4,-1.35,-0.45
1741,1.8,4.1,-1.31707,-0.439024
1742,1.8,4.2,-1.28571,-0.428571
1743,1.8,4.3,-1.25581,-0.418605
1744,1.8,4.4,-1.22727,-0.409091
1745,1.8,4.5,-1.2,-0.4
1746,1.8,4.6,-1.17391,-0.391304
1747,1.8,4.7,-1.14894,-0.382979
1748,1.8,4.8,-1.125,-0.375
1749,1.8,4.9,-1.10204,-0.367347
1750,1.8,5,-1.08,-0.36
1751,1.8,5.1,-1.05882,-0.352941
1752,1.8,5.2,-1.03846,-0.346154
1753,1.8,5.3,-1.01887,-0.339623
1754,1.8,5.4,-1,-0.333333
1755,1.8,5.5,-0.981818,-0.327273
1756,1.8,5.6,-0.964286,-0.321429
1757,1.8,5.7,-0.947368,-0.315789
1758,1.8,5.8,-0.931034,-0.310345
1759,1.8,5.9,-0.915254,-0.305085
1760,1.8,6,-0.9,-0.3
1761,1.8,6.1,-0.885246,-0.295082
1762,1.8,6.2,-0.870968,-0.290323
1763,1.8,6.3,-0.857143,-0.285714
1764,1.8,6.4,-0.84375,-0.28125
1765,1.8,6.5,-0.830769,-0.276923
1766,1.8,6.6,-0.818182,-0.272727
1767,1.8,6.7,-0.80597,-0.268657
1768,1.8,6.8,-0.794118,-0.264706
1769,1.8,6.9,-0.782609,-0.26087
1770,1.8,7,-0.771429,-0.257143
1771,1.8,7.1,-0.760563,-0.253521
1772,1.8,7.2,-0.75,-0.25
1773,1.8,7.3,-0.739726,-0.246575
1774,1.8,7.4,-0.72973,-0.243243
1775,1.8,7.5,-0.72,-0.24
1776,1.8,7.6,-0.710526,-0.236842
1777,1.8,7.7,-0.701299,-0.233766
1778,1.8,7.8,-0.692308,-0.230769
1779,1.8,7.9,-0.683544,-0.227848
1780,1.8,8,-0.675,-0.225
1781,1.8,8.1,-0.666667,-0.222222
1782,1.8,8.2,-0.658537,-0.219512
1783,1.8,8.3,-0.650602,-0.216867
1784,1.8,8.4,-0.642857,-0.214286
1785,1.8,8.5,-0.635294,-0.211765
1786,1.8,8.6,-0.627907,-0.209302
1787,1.8,8.7,-0.62069,-0.206897
1788,1.8,8.8,-0.613636,-0.204546
1789,1.8,8.9,-0.606741,-0.202247
1790,1.8,9,-0.6,-0.2
1791,1.8,9.1,-0.593407,-0.197802
1792,1.8,9.2,-0.586956,-0.195652
1793,1.8,9.3,-0.580645,-0.193548
1794,1.8,9.4,-0.574468,-0.191489
1795,1.8,9.5,-0.568421,-0.189474
1796,1.8,9.6,-0.5625,-0.1875
1797,1.8,9.7,-0.556701,-0.185567
1798,1.8,9.8,-0.55102,-0.183674
1799,1.8,9.9,-0.545454,-0.181818
1800,1.8,10,-0.54,-0.18
1801,1.9,0.1,-57,-19
1802,1.9,0.2,-28.5,-9.5
1803,1.9,0.3,-19,-6.33333
1804,1.9,0.4,-14.25,-4.75
1805,1.9,0.5,-11.4,-3.8
1806,1.9,0.6,-9.5,-3.16667
1807,1.9,0.7,-8.14286,-2.71429
1808,1.9,0.8,-7.125,-2.375
1809,1.9,0.9,-6.33333,-2.11111
1810,1.9,1,-5.7,-1.9
1811,1.9,1.1,-5.18182,-1.72727
1812,1.9,1.2,-4.75,-1.58333
1813,1.9,1.3,-4.38462,-1.46154
1814,1.9,1.4,-4.07143,-1.35714
1815,1.9,1.5,-3.8,-1.26667
1816,1.9,1.6,-3.5625,-1.1875
1817,1.9,1.7,-3.35294,-1.11765
1818,1.9,1.8,-3.16667,-1.05556
1819,1.9,1.9,-3,-1
1820,1.9,2,-2.85,-0.95
1821,1.9,2.1,-2.71429,-0.904762
1822,1.9,2.2,-2.59091,-0.863636
1823,1.9,2.3,-2.47826,-0.826087
1824,1.9,2.4,-2.375,-0.791667
1825,1.9,2.5,-2.28,-0.76
1826,1.9,2.6,-2.19231,-0.730769
1827,1.9,2.7,-2.11111,-0.703704
1828,1.9,2.8,-2.03571,-0.678571
1829,1.9,2.9,-1.96552,-0.655172
1830,1.9,3,-1.9,-0.633333
1831,1.9,3.1,-1.83871,-0.612903
1832,1.9,3.2,-1.78125,-0.59375
1833,1.9,3.3,-1.72727,-0.575758
1834,1.9,3.4,-1.67647,-0.558824
1835,1.9,3.5,-1.62857,-0.542857
1836,1.9,3.6,-1.58333,-0.527778
1837,1.9,3.7,-1.54054,-0.513514
1838,1.9,3.8,-1.5,-0.5
1839,1.9,3.9,-1.46154,-0.48718
1840,1.9,4,-1.425,-0.475
1841,1.9,4.1,-1.39024,-0.463415
1842,1.9,4.2,-1.35714,-0.452381
1843,1.9,4.3,-1.32558,-0.44186
1844,1.9,4.4,-1.29545,-0.431818
1845,1.9,4.5,-1.26667,-0.422222
1846,1.9,4.6,-1.23913,-0.413043
1847,1.9,4.7,-1.21277,-0.404255
1848,1.9,4.8,-1.1875,-0.395833
1849,1.9,4.9,-1.16327,-0.387755
1850,1.9,5,-1.14,-0.38
1851,1.9,5.1,-1.11765,-0.372549
1852,1.9,5.2,-1.09615,-0.365385
1853,1.9,5.3,-1.07547,-0.358491
1854,1.9,5.4,-1.05556,-0.351852
1855,1.9,5.5,-1.03636,-0.345455
1856,1.9,5.6,-1.01786,-0.339286
1857,1.9,5.7,-1,-0.333333
1858,1.9,5.8,-0.982759,-0.327586
1859,1.9,5.9,-0.966102,-0.322034
1860,1.9,6,-0.95,-0.316667
1861,1.9,6.1,-0.934426,-0.311475
1862,1.9,6.2,-0.919355,-0.306452
1863,1.9,6.3,-0.904762,-0.301587
1864,1.9,6.4,-0.890625,-0.296875
1865,1.9,6.5,-0.876923,-0.292308
1866,1.9,6.6,-0.863636,-0.287879
1867,1.9,6.7,-0.850746,-0.283582
1868,1.9,6.8,-0.838235,-0.279412
1869,1.9,6.9,-0.826087,-0.275362
1870,1.9,7,-0.814286,-0.271429
1871,1.9,7.1,-0.802817,-0.267606
1872,1.9,7.2,-0.791667,-0.263889
1873,1.9,7.3,-0.780822,-0.260274
1874,1.9,7.4,-0.77027,-0.256757
1875,1.9,7.5,-0.76,-0.253333
1876,1.9,7.6,-0.75,-0.25
1877,1.9,7.7,-0.74026,-0.246753
1878,1.9,7.8,-0.730769,-0.24359
1879,1.9,7.9,-0.721519,-0.240506
1880,1.9,8,-0.7125,-0.2375
1881,1.9,8.1,-0.703704,-0.234568
1882,1.9,8.2,-0.695122,-0.231707
1883,1.9,8.3,-0.686747,-0.228916
1884,1.9,8.4,-0.678571,-0.22619
1885,1.9,8.5,-0.670588,-0.223529
1886,1.9,8.6,-0.662791,-0.22093
1887,1.9,8.7,-0.655172,-0.218391
1888,1.9,8.8,-0.647727,-0.215909
1889,1.9,8.9,-0.640449,-0.213483
1890,1.9,9,-0.633333,-0.211111
1891,1.9,9.1,-0.626374,-0.208791
1892,1.9,9.2,-0.619565,-0.206522
1893,1.9,9.3,-0.612903,-0.204301
1894,1.9,9.4,-0.606383,-0.202128
1895,1.9,9.5,-0.6,-0.2
1896,1.9,9.6,-0.59375,-0.197917
1897,1.9,9.7,-0.587629,-0.195876
1898,1.9,9.8,-0.581633,-0.193878
1899,1.9,9.9,-0.575757,-0.191919
1900,1.9,10,-0.57,-0.19
1901,2,0.1,-60,-20
1902,2,0.2,-30,-10
1903,2,0.3,-20,-6.66667
1904,2,0.4,-15,-5
1905,2,0.5,-12,-4
1906,2,0.6,-10,-3.33333
1907,2,0.7,-8.57143,-2.85714
1908,2,0.8,-7.5,-2.5
1909,2,0.9,-6.66667,-2.22222
1910,2,1,-6,-2
1911,2,1.1,-5.45455,-1.81818
1912,2,1.2,-5,-1.66667
1913,2,1.3,-4.61538,-1.53846
1914,2,1.4,-4.28571,-1.42857
1915,2,1.5,-4,-1.33333
1916,2,1.6,-3.75,-1.25
1917,2,1.7,-3.52941,-1.17647
1918,2,1.8,-3.33333,-1.11111
1919,2,1.9,-3.15789,-1.05263
1920,2,2,-3,-1
1921,2,2.1,-2.85714,-0.952381
1922,2,2.2,-2.72727,-0.909091
1923,2,2.3,-2.6087,-0.869565
1924,2,2.4,-2.5,-0.833333
1925,2,2.5,-2.4,-0.8
1926,2,2.6,-2.30769,-0.769231
1927,2,2.7,-2.22222,-0.740741
1928,2,2.8,-2.14286,-0.714286
1929,2,2.9,-2.06897,-0.689655
1930,2,3,-2,-0.666667
1931,2,3.1,-1.93548,-0.645161
1932,2,3.2,-1.875,-0.625
1933,2,3.3,-1.81818,-0.606061
1934,2,3.4,-1.76471,-0.588235
1935,2,3.5,-1.71429,-0.571429
1936,2,3.6,-1.66667,-0.555556
1937,2,3.7,-1.62162,-0.540541
1938,2,3.8,-1.57895,-0.526316
1939,2,3.9,-1.53846,-0.512821
1940,2,4,-1.5,-0.5
1941,2,4.1,-1.46341,-0.487805
1942,2,4.2,-1.42857,-0.47619
1943,2,4.3,-1.39535,-0.465116
1944,2,4.4,-1.36364,-0.454545
1945,2,4.5,-1.33333,-0.444444
1946,2,4.6,-1.30435,-0.434783
1947,2,4.7,-1.2766,-0.425532
1948,2,4.8,-1.25,-0.416667
1949,2,4.9,-1.22449,-0.408163
1950,2,5,-1.2,-0.4
1951,2,5.1,-1.17647,-0.392157
1952,2,5.2,-1.15385,-0.384615
1953,2,5.3,-1.13208,-0.377359
1954,2,5.4,-1.11111,-0.37037
1955,2,5.5,-1.09091,-0.363636
1956,2,5.6,-1.07143,-0.357143
1957,2,5.7,-1.05263,-0.350877
1958,2,5.8,-1.03448,-0.344828
1959,2,5.9,-1.01695,-0.338983
1960,2,6,-1,-0.333333
1961,2,6.1,-0.983607,-0.327869
1962,2,6.2,-0.967742,-0.322581
1963,2,6.3,-0.952381,-0.31746
1964,2,6.4,-0.9375,-0.3125
1965,2,6.5,-0.923077,-0.307692
1966,2,6.6,-0.909091,-0.30303
1967,2,6.7,-0.895522,-0.298507
1968,2,6.8,-0.882353,-0.294118
1969,2,6.9,-0.869565,-0.289855
1970,2,7,-0.857143,-0.285714
1971,2,7.1,-0.84507,-0.28169
1972,2,7.2,-0.833333,-0.277778
1973,2,7.3,-0.821918,-0.273973
1974,2,7.4,-0.810811,-0.27027
1975,2,7.5,-0.8,-0.266667
1976,2,7.6,-0.789474,-0.263158
1977,2,7.7,-0.779221,-0.25974
1978,2,7.8,-0.769231,-0.25641
1979,2,7.9,-0.759494,-0.253165
1980,2,8,-0.75,-0.25
1981,2,8.1,-0.740741,-0.246914
1982,2,8.2,-0.731707,-0.243902
1983,2,8.3,-0.722892,-0.240964
1984,2,8.4,-0.714286,-0.238095
1985,2,8.5,-0.705882,-0.235294
1986,2,8.6,-0.697674,-0.232558
1987,2,8.7,-0.689655,-0.229885
1988,2,8.8,-0.681818,-0.227273
1989,2,8.9,-0.674157,-0.224719
1990,2,9,-0.666667,-0.222222
1991,2,9.1,-0.659341,-0.21978
1992,2,9.2,-0.652174,-0.217391
1993,2,9.3,-0.645161,-0.215054
1994,2,9.4,-0.638298,-0.212766
1995,2,9.5,-0.631579,-0.210526
1996,2,9.6,-0.625,-0.208333
1997,2,9.7,-0.618557,-0.206186
1998,2,9.8,-0.612245,-0.204082
1999,2,9.9,-0.606061,-0.20202
2000,2,10,-0.6,-0.2
